{"type":"FeatureCollection","features":[{"type":"Feature","properties":{"name":"Andaman and Nicobar"},"geometry":{"type":"MultiPolygon","coordinates":[[[[93.78772735595709,6.85264015197771],[93.78849029541021,6.8525710105896],[93.789047241211,6.8525710105896],[93.789047241211,6.852291107177678]]],[[[93.71958160400408,7.207500934600944],[93.71958160400408,7.206870079040584],[93.71930694580107,7.206459999084473],[93.71881866455095,7.20639085769659]]],[[[93.84805297851591,7.240280151367472],[93.947807312012,6.998874187469653],[93.90213775634771,6.812966823577938],[93.82831573486334,6.754255771636963],[93.7452774047851,6.961945056915397],[93.66303253173857,7.006646156311092],[93.65556335449224,7.125280857086238],[93.84805297851591,7.240280151367472]]],[[[93.84874725341803,7.289868831634749],[93.84867858886736,7.289456844329834],[93.84784698486357,7.288832187652531],[93.8469467163086,7.288138866424561]]],[[[93.66369628906267,7.384031772613696],[93.66373443603521,7.383797168731746],[93.66410827636724,7.383800983429126],[93.66423034667986,7.383767127990836]]],[[[93.76860809326172,7.402218818664721],[93.77111053466803,7.39972114563011],[93.7716674804688,7.39972114563011],[93.77194213867216,7.39944505691534]]],[[[93.68944549560564,7.409721851349104],[93.68972015380888,7.409443855285588],[93.69000244140642,7.409443855285588],[93.69027709960943,7.409165859222469]]],[[[93.71305847167986,7.443611145019815],[93.75574493408232,7.359842777252481],[93.64833068847685,7.242499828338737],[93.6324996948245,7.37055492401123],[93.71305847167986,7.443611145019815]]],[[[93.6477813720706,7.476668834686336],[93.64805603027361,7.476390838623217],[93.6488876342774,7.476390838623217],[93.64916992187517,7.476110935211295]]],[[[93.63445281982416,7.477781772613582],[93.63471984863287,7.477500915527571],[93.63445281982416,7.477221012115479],[93.63444519042997,7.47666692733776]]],[[[93.54360198974615,7.525001049041691],[93.54582977294922,7.522780895233382],[93.54582977294922,7.52250099182146],[93.54693603515642,7.521390914917106]]],[[[93.34156036376959,7.906459808349723],[93.34159851074224,7.905920028686637],[93.34215545654303,7.905944824219034],[93.34214019775396,7.905624866485653]]],[[[93.3396301269533,7.91114997863798],[93.33965301513678,7.910870075225887],[93.34018707275408,7.910871982574463],[93.34019470214861,7.909731864929199]]],[[[93.37999725341825,8.02472209930437],[93.46166992187517,7.872221946716252],[93.31722259521513,7.933610916137923],[93.37999725341825,8.02472209930437]]],[[[93.54728698730463,8.028052330017033],[93.5774993896485,7.928332805633545],[93.50723266601557,7.984721183776855],[93.54728698730463,8.028052330017033]]],[[[93.57861328125017,8.12527942657465],[93.5794067382813,8.124839782714844],[93.579818725586,8.124913215637378],[93.58030700683611,8.124982833862305]]],[[[93.52648925781278,8.231270790100098],[93.550277709961,8.036110877990666],[93.50083160400396,7.997219085693644],[93.52986145019537,8.078680038452205],[93.48500061035162,8.051943778991813],[93.4538879394533,8.173610687256087],[93.52648925781278,8.231270790100098]]],[[[93.23528289794939,8.265560150146541],[93.23583221435547,8.265000343322924],[93.2363891601562,8.265000343322924],[93.2375030517581,8.263890266418741]]],[[[93.12627410888678,8.355863571167106],[93.19944763183611,8.193890571594522],[93.08721923828153,8.26944446563732],[93.12627410888678,8.355863571167106]]],[[[93.65249633789068,8.394445419311694],[93.65305328369146,8.39388942718523],[93.65305328369146,8.393610954284838],[93.653335571289,8.393333435058537]]],[[[93.63491821289068,8.394643783569336],[93.63464355468744,8.394643783569336],[93.63394927978516,8.394922256469897],[93.63387298584013,8.39561462402338]]],[[[93.04389190673857,8.473333358764933],[93.04389190673857,8.473054885864542],[93.04418182373064,8.47305965423584],[93.04556274414068,8.47166919708269]]],[[[93.6118774414063,8.484541893005371],[93.61147308349615,8.484471321105957],[93.61083221435564,8.48499965667753],[93.61083221435564,8.485278129577921]]],[[[93.6159973144533,8.573625564575138],[93.61711120605469,8.57244968414301],[93.61794281005865,8.57113075256342],[93.61801147460966,8.569466590881348]]],[[[93.60944366455107,8.581666946411133],[93.60944366455107,8.58138942718523],[93.60916900634771,8.581110954284668],[93.60916900634771,8.579998970031909]]],[[[92.85916900634783,8.82013130188011],[92.85888671875028,8.819930076599405],[92.8583297729495,8.819723129272575],[92.85736083984403,8.819234848022461]]],[[[92.79332733154297,9.118890762329215],[92.79332733154297,9.118611335754338],[92.79444122314482,9.118611335754338],[92.79444122314482,9.118332862853947]]],[[[92.80416870117216,9.120833396911621],[92.80416870117216,9.120277404785156],[92.804443359375,9.12027931213396],[92.804443359375,9.120000839233569]]],[[[92.81416320800798,9.126943588257063],[92.81416320800798,9.126387596130428],[92.81445312500028,9.12639045715349],[92.81445312500028,9.12611198425293]]],[[[92.7877807617187,9.2441663742066],[92.85436248779297,9.20915889740013],[92.83055114746111,9.138694763183707],[92.73166656494169,9.124377250671614],[92.72083282470697,9.213609695434798],[92.7877807617187,9.2441663742066]]],[[[92.51583099365251,10.8976411819458],[92.5877075195312,10.786945343017521],[92.56944274902361,10.578889846801985],[92.51305389404303,10.511667251586857],[92.38527679443371,10.532221794128475],[92.37611389160162,10.78166675567627],[92.51583099365251,10.8976411819458]]],[[[92.60888671875,10.938610076904467],[92.60916900634771,10.938335418701229],[92.61000061035185,10.938335418701229],[92.61027526855469,10.938056945801065]]],[[[92.22673797607428,10.98229026794445],[92.22736358642607,10.982221603393782],[92.22777557373075,10.982221603393782],[92.22805786132818,10.982221603393782]]],[[[92.66335296630865,10.98180007934593],[92.66194152832048,10.981391906738395],[92.66166687011747,10.981670379638786],[92.66139221191406,10.981670379638786]]],[[[92.72566223144548,11.144218444824276],[92.7257614135745,11.144159317016545],[92.72589874267584,11.143815040588379],[92.72589874267584,11.14346790313715]]],[[[92.7319412231447,11.14973068237299],[92.73249816894548,11.149170875549544],[92.73278045654303,11.149170875549544],[92.73332977294928,11.148612022400187]]],[[[92.67694091796903,11.183610916137809],[92.67749786376982,11.18305683135992],[92.67804718017584,11.1830606460573],[92.67833709716814,11.182781219482422]]],[[[92.70597839355486,11.289166450500602],[92.70639038085955,11.288330078125],[92.70659637451172,11.2876367568972],[92.70694732666033,11.287359237670898]]],[[[92.7005462646485,11.31138992309593],[92.70166778564459,11.310279846191406],[92.70166778564459,11.310000419616927],[92.70291900634766,11.308679580688533]]],[[[92.72305297851568,11.316388130188045],[92.72277832031267,11.316109657287654],[92.72277832031267,11.31583213806158],[92.7213897705081,11.314443588256836]]],[[[92.54833221435553,11.393029212951603],[92.54801940917997,11.392868995666674],[92.5474929809572,11.3931179046632],[92.54696655273443,11.393567085266113]]],[[[92.55757904052734,11.390936851501465],[92.55724334716814,11.390220642089844],[92.55683135986345,11.390230178833008],[92.55564117431669,11.390940666199015]]],[[[92.67346191406256,11.487520217895508],[92.67317199707048,11.4873561859132],[92.67259216308594,11.487330436706713],[92.6719360351563,11.487360000610579]]],[[[92.61048889160162,11.504050254821777],[92.61021423339838,11.503927230835245],[92.60980987548857,11.504079818725813],[92.60941314697294,11.504239082336653]]],[[[92.64444732666021,11.513030052185059],[92.64405059814459,11.513030052185059],[92.64382171630876,11.513167381286792],[92.64368438720709,11.513305664062557]]],[[[92.64145660400419,11.51014041900629],[92.6908721923831,11.370340347290153],[92.60029602050776,11.34652137756342],[92.64145660400419,11.51014041900629]]],[[[92.27179718017607,11.515991210937784],[92.2706832885745,11.515988349914721],[92.2705383300783,11.516190528869686],[92.27040100097662,11.516469001770076]]],[[[92.60465240478544,11.53458213806158],[92.60465240478544,11.534305572509766],[92.60520935058622,11.534305572509766],[92.60520935058622,11.53458213806158]]],[[[92.56035614013678,11.537990570068416],[92.56051635742193,11.537581443786792],[92.56054687500006,11.537111282348633],[92.56054687500006,11.536609649658203]]],[[[92.62797546386736,11.542161941528605],[92.62741851806658,11.542161941528605],[92.62706756591803,11.542711257934627],[92.62679290771513,11.543267250061092]]],[[[92.61000061035185,11.5588893890382],[92.61020660400385,11.558749198913802],[92.61076354980497,11.559371948242188],[92.61166381835943,11.56069374084484]]],[[[92.574516296387,11.562571525573787],[92.57367706298834,11.562571525573787],[92.57367706298834,11.562847137451286],[92.5734024047851,11.56312465667719]]],[[[92.5675125122072,11.570817947387638],[92.56772613525408,11.570539474487248],[92.56765747070341,11.570126533508244],[92.5675125122072,11.569990158081225]]],[[[92.59718322753918,11.541669845581112],[92.59697723388678,11.541279792785929],[92.59694671630865,11.540850639343546],[92.59694671630865,11.540420532226676]]],[[[92.57826232910162,11.581805229187239],[92.57805633544928,11.58166599273676],[92.57771301269537,11.58319091796892],[92.57659912109403,11.584858894348145]]],[[[92.61102294921892,11.58825969696045],[92.61139678955095,11.588020324707259],[92.61170959472685,11.587621688843],[92.61178588867205,11.587169647217024]]],[[[92.2189331054688,11.5923233032226],[92.26982879638678,11.522506713867301],[92.21454620361334,11.529451370239428],[92.2189331054688,11.5923233032226]]],[[[92.5397567749024,11.603320121765137],[92.54003906250017,11.603256225585938],[92.54091644287121,11.603313446045092],[92.54132843017607,11.603129386901855]]],[[[92.6995697021485,11.664450645446777],[92.699935913086,11.664237022400073],[92.70030975341803,11.664019584655819],[92.70070648193365,11.663845062256087]]],[[[92.76225280761736,11.669699668884562],[92.7617797851563,11.669551849365234],[92.76104736328153,11.669838905334473],[92.76112365722673,11.670538902282715]]],[[[92.72498321533232,11.689121246337834],[92.72546386718767,11.6887722015382],[92.72586059570312,11.688811302185002],[92.7261505126956,11.688480377197322]]],[[[92.55091857910173,11.721240043640194],[92.5506973266601,11.721240043640194],[92.55036163330095,11.721439361572493],[92.5500106811524,11.72185134887718]]],[[[93.08297729492193,11.779680252075138],[93.08244323730497,11.779290199279956],[93.08181762695318,11.779080390930233],[93.08145904541027,11.779159545898665]]],[[[93.02083587646513,11.843331336975211],[93.02111053466814,11.843055725097884],[93.02166748046892,11.843059539794865],[93.02249908447271,11.842219352722452]]],[[[92.59694671630865,11.905289649963436],[92.59638977050787,11.905289649963436],[92.59638977050787,11.905561447143612],[92.59583282470709,11.906112670898608]]],[[[92.565658569336,11.949771881103743],[92.56610107421903,11.949560165405273],[92.56659698486328,11.949601173400822],[92.5671463012697,11.950021743774585]]],[[[92.73243713378935,11.95422267913824],[92.73219299316412,11.953901290893668],[92.73188018798857,11.953550338745288],[92.73152160644526,11.95319938659668]]],[[[92.74308013916021,11.964510917663688],[92.74277496337885,11.964448928833292],[92.74233245849621,11.964547157287598],[92.74169158935547,11.964953422546387]]],[[[92.75013732910162,11.968339920044116],[92.75048828125006,11.967990875244084],[92.75070190429693,11.967990875244084],[92.7519607543947,11.967849731445426]]],[[[92.59610748291016,11.976108551025447],[92.597221374512,11.97499942779541],[92.597221374512,11.974440574646053],[92.59693908691412,11.974167823791618]]],[[[92.58275604248047,11.975981712341536],[92.58238220214861,11.97572040557884],[92.58211517333996,11.975942611694393],[92.58175659179716,11.976301193237305]]],[[[92.77604675292974,12.017709732055607],[92.77648925781278,12.017149925232161],[92.77684783935553,12.016679763794173],[92.77688598632841,12.01621055603033]]],[[[92.969535827637,12.03367996215843],[93.04267120361328,11.882261276245117],[92.92553710937517,11.995789527893066],[92.969535827637,12.03367996215843]]],[[[92.96982574462896,12.06400680542015],[92.969741821289,12.063944816589355],[92.96951293945341,12.06414985656761],[92.969535827637,12.06435680389427]]],[[[92.99136352539062,12.108927726745776],[92.99154663085955,12.108071327209586],[92.9921493530274,12.107234954834155],[92.99256896972662,12.106961250305403]]],[[[92.993881225586,12.109939575195597],[92.99305725097673,12.109939575195597],[92.9924621582033,12.110530853271484],[92.99249267578142,12.111639976501579]]],[[[92.74285125732428,12.114999771118107],[92.74286651611334,12.114720344543457],[92.74315643310541,12.114720344543457],[92.74315643310541,12.113899230957259]]],[[[92.94863128662126,12.115840911865234],[92.9489059448245,12.115262031555119],[92.94912719726591,12.115262031555119],[92.94919586181658,12.114441871643066]]],[[[92.62884521484386,12.11245632171648],[92.62821197509771,12.112200736999512],[92.62800598144548,12.1124401092531],[92.62802124023443,12.112750053405932]]],[[[92.63062286376947,12.11791038513195],[92.63050842285162,12.11791038513195],[92.63019561767607,12.117997169494743],[92.63013458251959,12.118223190307845]]],[[[93.09793090820312,12.137191772460994],[93.09799957275396,12.136953353881893],[93.09821319580084,12.136953353881893],[93.09821319580084,12.13664340972906]]],[[[93.12052917480474,12.148349761962947],[93.12052917480474,12.14800167083763],[93.12021636962919,12.148003578186035],[93.12021636962919,12.147762298584212]]],[[[92.84584808349615,12.147562026977823],[92.84552764892607,12.147521018982047],[92.84501647949219,12.147568702697868],[92.84443664550776,12.147850990295638]]],[[[93.02777862548845,12.156941413879622],[93.04552459716814,12.045370101928768],[92.95560455322294,12.142191886901912],[93.02777862548845,12.156941413879622]]],[[[92.75895690917997,12.181310653686523],[92.75927734375006,12.180801391601562],[92.76059722900396,12.180821418762491],[92.76071929931658,12.18060302734375]]],[[[92.72029113769548,12.180438041686955],[92.72000122070318,12.180270195007495],[92.71987152099638,12.180169105529899],[92.71982574462902,12.18011283874523]]],[[[92.73137664794939,12.187581062316895],[92.73119354248064,12.18743991851801],[92.73123931884771,12.186621665954704],[92.73094940185541,12.186621665954704]]],[[[93.06860351562517,12.211334228515625],[93.07021331787138,12.211263656616211],[93.07025146484403,12.210988044738883],[93.07055664062506,12.210819244384766]]],[[[92.68302917480497,12.214900970459212],[92.682876586914,12.214720726013184],[92.68219757080084,12.21484184265131],[92.6817932128908,12.215051651001033]]],[[[93.01988983154325,12.22515964508085],[93.02030944824236,12.224949836731128],[93.02094268798834,12.225023269653434],[93.02101135253935,12.22474670410162]]],[[[92.93898010253918,12.223860740661621],[92.93916320800787,12.223328590393237],[92.93968963623053,12.222780227661303],[92.93998718261713,12.222380638122786]]],[[[92.70086669921892,12.235609054565543],[92.78360748291033,12.046939849853459],[92.68007659912126,11.81857967376709],[92.74625396728533,11.9318208694458],[92.78855133056635,11.90121936798107],[92.75507354736334,11.701055526733398],[92.66620635986334,11.653901100158748],[92.75665283203153,11.665070533752441],[92.71128082275419,11.477317810058537],[92.61785888671892,11.562820434570312],[92.64438629150408,11.636289596557901],[92.51351928710938,11.848000526428223],[92.5624008178711,11.94647407531744],[92.6110458374024,11.871259689331112],[92.62361145019548,12.102781295776424],[92.70086669921892,12.235609054565543]]],[[[92.73061370849626,12.242453575134334],[92.73092651367216,12.24189281463623],[92.73147583007841,12.24189281463623],[92.73147583007841,12.241640090942326]]],[[[92.88054656982422,12.25000000000017],[92.88083648681669,12.249719619750977],[92.8811111450197,12.24972152709978],[92.8819427490235,12.248889923095987]]],[[[92.86646270751959,12.235621452331543],[92.86621093750017,12.23551082611084],[92.86565399169939,12.235812187194824],[92.86508941650408,12.236350059509334]]],[[[92.69890594482416,12.24483776092535],[92.69860076904303,12.244730949402026],[92.69824981689459,12.244814872741927],[92.69777679443376,12.245011329650993]]],[[[92.90167236328142,12.255849838256779],[92.9019393920899,12.255521774291992],[92.90215301513678,12.255150794982853],[92.90225982666033,12.254711151123047]]],[[[93.07777404785162,12.261944770813159],[93.0780563354495,12.261667251586857],[93.07833099365251,12.261671066284407],[93.07861328125028,12.26139068603527]]],[[[92.90143585205107,12.262151718139592],[92.90141296386747,12.259071350097713],[92.90082550048834,12.258556365967024],[92.90029907226591,12.258614540100268]]],[[[92.73760986328153,12.271332740783805],[92.73729705810564,12.270730972290266],[92.73703765869169,12.270735740661735],[92.73703765869169,12.270457267761174]]],[[[93.02966308593767,12.280171394348201],[93.02997589111357,12.279815673828352],[93.03029632568365,12.279650688171387],[93.03044128417986,12.279289245605526]]],[[[92.75008392333984,12.287694931030217],[92.75006103515642,12.286875724792424],[92.74983978271484,12.286881446838379],[92.74981689453153,12.286040306091309]]],[[[92.737060546875,12.285181045532227],[92.73680114746105,12.284899711608944],[92.73676300048834,12.281850814819336],[92.73622894287121,12.281846046447868]]],[[[92.76673889160162,12.270320892334155],[92.766616821289,12.269881248474348],[92.76639556884794,12.269504547119254],[92.7661895751956,12.269136428833008]]],[[[92.75444793701189,12.294722557067928],[92.7547225952149,12.294443130493278],[92.75499725341814,12.294443130493278],[92.75499725341814,12.293610572814998]]],[[[92.77118682861322,12.294923782348633],[92.77120971679705,12.29350566864025],[92.77149200439459,12.293549537658691],[92.77143859863298,12.292959213257063]]],[[[92.8780593872072,12.293649673461971],[92.8777465820313,12.29364109039335],[92.87732696533209,12.293829917907658],[92.87696075439459,12.294239997863997]]],[[[92.71141815185553,12.296070098877124],[92.71205139160185,12.295981407165527],[92.71272277832037,12.29603195190441],[92.71333312988287,12.295851707458553]]],[[[92.76590728759783,12.299070358276424],[92.7659301757813,12.298520088195914],[92.76562500000028,12.298541069030762],[92.7656631469726,12.298003196716422]]],[[[92.94139862060553,12.280801773071289],[92.94165802001982,12.280330657959041],[92.94193267822283,12.279891014099235],[92.9421463012697,12.279471397400187]]],[[[92.77657318115251,12.310280799865666],[92.8893127441408,12.265941619873047],[92.76467895507841,12.063320159912223],[92.77657318115251,12.310280799865666]]],[[[93.07256317138672,12.31904411315918],[93.07259368896501,12.318319320678938],[93.07287597656261,12.31815147399908],[93.07318878173828,12.317909240722827]]],[[[93.8396987915039,12.320819854736442],[93.88069915771479,12.236641883850211],[93.82668304443388,12.244859695434684],[93.8396987915039,12.320819854736442]]],[[[92.91278076171875,12.331665992736987],[92.91222381591803,12.331665992736987],[92.91166687011724,12.332221984863281],[92.9116821289063,12.332490921020508]]],[[[92.90593719482428,12.338507652282715],[92.90573883056646,12.338351249694938],[92.90546417236322,12.33845329284685],[92.90507507324247,12.338761329650879]]],[[[92.91173553466825,12.33795166015625],[92.91104888916033,12.337694168090877],[92.91072082519537,12.337731361389274],[92.91040039062528,12.337881088257006]]],[[[92.89693450927751,12.392077445983944],[92.89671325683611,12.391969680786133],[92.89639282226568,12.392040252685547],[92.89591979980497,12.392330169677848]]],[[[92.85290527343756,12.408830642700423],[92.85330200195318,12.408753395080566],[92.85405731201178,12.408881187438965],[92.85463714599615,12.408789634704874]]],[[[92.89916992187494,12.407500267028752],[92.89861297607422,12.407500267028752],[92.89861297607422,12.407771110534782],[92.89749908447283,12.408889770507983]]],[[[92.88935089111334,12.412851333618221],[92.88913726806646,12.412570953369254],[92.8889999389649,12.412710189819563],[92.88878631591803,12.412987709045467]]],[[[92.86587524414068,12.421003341674918],[92.86589813232428,12.420686721802042],[92.86751556396479,12.420722961425781],[92.86754608154314,12.420450210571346]]],[[[92.90323638916033,12.42018985748291],[92.90288543701178,12.420080184936467],[92.90248107910156,12.420240402221793],[92.90200042724638,12.420372009277344]]],[[[92.83173370361334,12.426821708679483],[92.83277893066435,12.426667213439941],[92.83361053466814,12.42667198181158],[92.83389282226591,12.426390647888127]]],[[[92.95536041259771,12.414690017700195],[92.95501708984403,12.414191246032658],[92.95472717285173,12.413699150085392],[92.95443725585966,12.413241386413802]]],[[[92.87503051757818,12.44508266448969],[92.87538146972673,12.44481086730957],[92.8756561279298,12.44481086730957],[92.87586975097685,12.444741249084416]]],[[[92.67945861816406,12.541128158569393],[92.67988586425798,12.541111946106241],[92.68032073974615,12.541111946106241],[92.68073272705107,12.541111946106241]]],[[[92.70242309570318,12.637869834900187],[92.70204162597662,12.637830734252987],[92.70160675048845,12.638091087341422],[92.70121765136736,12.638530731201229]]],[[[92.73144531250006,12.703124046325797],[92.73145294189459,12.702590942382756],[92.73087310791021,12.702590942382756],[92.73088073730474,12.702930450439453]]],[[[92.72425842285185,12.736729621887207],[92.72425079345732,12.7358913421632],[92.72621917724626,12.735909461975325],[92.72615814209013,12.736211776733455]]],[[[92.72669982910185,12.751379966735954],[92.72653198242216,12.751379966735954],[92.72623443603533,12.751466751098576],[92.72598266601557,12.751689910888786]]],[[[92.65584564209001,12.76895904541027],[92.6556472778322,12.768881797790584],[92.65537261962919,12.768936157226676],[92.65503692626947,12.769309997558878]]],[[[92.71707916259783,12.774780273437727],[92.71624755859403,12.774780273437727],[92.71623229980497,12.775311470031795],[92.71562957763683,12.775650978088493]]],[[[92.72499847412138,12.761666297912825],[92.7244415283206,12.761666297912825],[92.7244415283206,12.761941909790153],[92.72277832031267,12.76361179351835]]],[[[92.71618652343756,12.79729270935087],[92.71620941162138,12.796734809875602],[92.71651458740234,12.796734809875602],[92.71651458740234,12.795895576477278]]],[[[92.71676635742193,12.800591468811092],[92.71676635742193,12.800071716308537],[92.71704101562517,12.800071716308537],[92.71704101562517,12.798692703247298]]],[[[92.71760559082031,12.803103446960677],[92.71704101562517,12.80255985260004],[92.71596527099615,12.802584648132438],[92.71590423584001,12.803123474121037]]],[[[92.7109680175783,12.82903003692627],[92.71121978759771,12.82892990112316],[92.71152496337908,12.82901859283453],[92.71192932128923,12.829182624816838]]],[[[92.72763061523443,12.836471557617301],[92.72763061523443,12.835887908935547],[92.72786712646513,12.835910797119368],[92.72788238525419,12.835330009460677]]],[[[92.73178100585943,12.856430053711165],[92.73178100585943,12.855869293213061],[92.73147583007841,12.855880737304744],[92.73147583007841,12.85531997680664]]],[[[92.72861480712919,12.864445686340446],[92.72861480712919,12.862776756286735],[92.7288894653322,12.862776756286735],[92.7288894653322,12.863333702087516]]],[[[92.77856445312506,12.864757537841854],[92.77842712402372,12.864660263061637],[92.77809906005876,12.864654541015682],[92.7779388427735,12.864673614501953]]],[[[92.76547241210932,12.854721069336165],[92.76506042480497,12.854640960693416],[92.7645263671875,12.85480976104759],[92.76403045654303,12.855051040649357]]],[[[92.75959777832048,12.877590179443303],[92.76010131835966,12.877569198608455],[92.76004028320318,12.877811431884936],[92.76032257080072,12.877790451050089]]],[[[92.7855529785158,12.893334388733024],[92.78583526611357,12.893055915832633],[92.78639221191418,12.893059730530013],[92.78666687011736,12.892780303955135]]],[[[92.89370727539062,12.898564338684196],[92.89380645751982,12.898501396179483],[92.89393615722662,12.898503303527889],[92.89391326904303,12.898254394531364]]],[[[92.75508117675787,12.912811279297046],[92.75505828857428,12.912253379821777],[92.75538635253923,12.912253379821777],[92.7554016113283,12.911414146423454]]],[[[92.86476135253912,12.912481307983455],[92.86421203613293,12.912481307983455],[92.86421203613293,12.912760734558162],[92.86307525634794,12.913647651672477]]],[[[92.79498291015653,12.911258697509822],[92.79524993896501,12.910840034484863],[92.79556274414091,12.910443305969409],[92.79592132568365,12.910037994384936]]],[[[92.91307830810575,12.917289733886776],[92.91200256347673,12.916410446166992],[92.91200256347673,12.914180755615348],[92.91230010986357,12.914180755615348]]],[[[92.76815032958984,12.917540550231877],[92.76815032958984,12.91641902923584],[92.76756286621088,12.916420936584586],[92.76753997802763,12.91674995422386]]],[[[92.93531799316412,12.918089866638297],[92.93534088134771,12.917799949646223],[92.93585205078142,12.917799949646223],[92.93638610839861,12.917289733886776]]],[[[92.76702117919939,12.924701690673771],[92.76698303222685,12.923919677734375],[92.7672958374024,12.923919677734375],[92.76735687255888,12.923399925232218]]],[[[92.8988876342774,12.915830612182617],[92.98051452636724,12.709729194641397],[92.96842193603516,12.496668815612736],[92.91452789306646,12.405893325805664],[92.83467864990263,12.494780540466536],[92.89901733398455,12.415629386902026],[92.7910995483399,12.469721794128475],[92.89511871337919,12.320344924926815],[92.72043609619169,12.300310134887752],[92.68448638916021,12.608140945434798],[92.75332641601562,12.67078113555931],[92.78543090820318,12.61924743652338],[92.78864288330084,12.674480438232592],[92.73288726806658,12.674410820007438],[92.72391510009783,12.827083587646484],[92.76083374023449,12.859444618225098],[92.78221893310575,12.807498931884822],[92.79190826416021,12.889854431152628],[92.8988876342774,12.915830612182617]]],[[[92.77420043945341,12.931133270263729],[92.77456665039074,12.930573463440112],[92.77560424804705,12.930573463440112],[92.77564239501953,12.92863845825201]]],[[[92.87702178955107,12.932061195373649],[92.87722778320341,12.931671142578068],[92.8774719238283,12.931353569030705],[92.87773132324224,12.931041717529297]]],[[[92.76561737060575,12.932523727417276],[92.7656631469726,12.931425094604435],[92.76590728759783,12.931429862976074],[92.7659530639649,12.92975044250494]]],[[[92.89277648925787,12.937220573425577],[92.89282989501982,12.936421394348145],[92.89170074462919,12.93642330169672],[92.89141082763689,12.93560981750511]]],[[[92.90142822265653,12.941149711608887],[92.90168762207048,12.940839767456055],[92.90225982666033,12.940890312194767],[92.90228271484392,12.940291404724121]]],[[[92.67150878906256,12.948341369629134],[92.67008972167997,12.948300361633528],[92.67006683349638,12.949480056762866],[92.6723022460938,12.949430465698242]]],[[[92.66895294189447,12.953350067138672],[92.66895294189447,12.953069686889876],[92.66945648193365,12.95310020446783],[92.66979217529303,12.952800750732422]]],[[[92.69565582275385,12.991958618164233],[92.66815948486357,12.782571792602482],[92.62988281250017,12.882731437683049],[92.69565582275385,12.991958618164233]]],[[[93.00673675537138,12.996899604797363],[93.00673675537138,12.996141433716105],[93.0064544677735,12.995867729187012],[93.0065231323245,12.995249748229924]]],[[[92.988052368164,12.998050689697493],[92.98807525634783,12.997797966003418],[92.98754119873064,12.997797966003418],[92.98754119873064,12.998050689697493]]],[[[92.91249847412138,13.002499580383585],[92.9116821289063,13.002499580383585],[92.91166687011724,13.002778053283748],[92.91084289550798,13.00360107421892]]],[[[92.949722290039,13.021110534668082],[92.94860839843767,13.021110534668082],[92.94860839843767,13.021666526794377],[92.94805908203142,13.022220611572266]]],[[[92.92639160156261,13.024168014526367],[92.92639160156261,13.02333068847679],[92.9269409179688,13.02333068847679],[92.9269409179688,13.023612022399902]]],[[[92.91860961914091,13.040000915527287],[92.91665649414068,13.040000915527287],[92.91500091552729,13.041666984558105],[92.91486358642595,13.041945457458496]]],[[[92.93360900878912,13.049443244934196],[92.93333435058611,13.049443244934196],[92.93305206298834,13.049723625183333],[92.932914733887,13.049862861633244]]],[[[92.91681671142584,13.05789184570341],[92.91613006591825,13.05789184570341],[92.91599273681658,13.058101654052734],[92.91584777832037,13.0585098266601]]],[[[92.73055267334013,13.095690727234114],[92.73069000244146,13.095549583435059],[92.73110961914091,13.095561981201456],[92.73166656494169,13.095001220703125]]],[[[92.71916961669939,13.09889125823986],[92.72027587890625,13.0977792739871],[92.72055816650396,13.097498893737736],[92.72110748291021,13.096390724182186]]],[[[92.7949981689456,13.171110153198299],[92.79528045654314,13.1708345413208],[92.79582977294939,13.1708345413208],[92.79611206054693,13.170554161072005]]],[[[93.0613861083985,13.22138786315918],[93.06096649169939,13.220690727234],[93.05990600585949,13.220971107482967],[93.05970001220709,13.221041679382608]]],[[[93.01667022705072,13.284167289734171],[93.0158309936524,13.283329963684253],[93.01519775390642,13.283332824707315],[93.01491546630888,13.283472061157227]]],[[[93.07450866699236,13.303334236144963],[93.07499694824247,13.303055763244572],[93.07554626464855,13.303060531616438],[93.0761108398438,13.302499771118107]]],[[[93.01867675781256,13.329630851745776],[93.01868438720709,13.329345703124943],[93.0188827514649,13.329351425170898],[93.01889038085943,13.32907962799095]]],[[[92.96806335449236,13.332500457763615],[92.96749877929705,13.332500457763615],[92.96749877929705,13.33278083801298],[92.96722412109403,13.333057403564567]]],[[[93.01611328125017,13.339089393615836],[93.01611328125017,13.338339805603027],[93.0161209106447,13.337931632995662],[93.01580047607428,13.337931632995662]]],[[[93.03749847412126,13.34056186676031],[93.03694152832048,13.34056186676031],[93.036880493164,13.340840339660701],[93.0368041992188,13.341667175293196]]],[[[93.07723999023443,13.364815711975211],[93.07729339599638,13.364725112915039],[93.07785797119169,13.364725112915039],[93.07814025878923,13.364518165588379]]],[[[93.08257293701178,13.36687183380144],[93.0822219848634,13.36687183380144],[93.08167266845732,13.367220878601074],[93.08097076416033,13.36805534362793]]],[[[93.06231689453125,13.38329792022705],[93.06217193603521,13.383020401001147],[93.06196594238287,13.383090019226074],[93.061752319336,13.383227348327807]]],[[[92.86583709716814,13.413610458373967],[92.86611175537115,13.413331985473576],[92.86638641357439,13.413331985473576],[92.86666870117193,13.413057327270565]]],[[[92.81305694580084,13.419722557067985],[92.81361389160162,13.41916656494152],[92.81388854980497,13.419180870056323],[92.81416320800798,13.418890953064192]]],[[[93.09449005126947,13.417631149292163],[93.09462738037138,13.417559623718432],[93.09490966796892,13.417559623718432],[93.09519195556652,13.417770385742415]]],[[[93.07205200195318,13.426081657409952],[93.07198333740229,13.42580795288086],[93.07163238525408,13.425810813903922],[93.07150268554693,13.425671577453613]]],[[[93.09902191162138,13.435761451721476],[93.09957885742199,13.435489654540959],[93.10056304931669,13.435625076294059],[93.1016693115235,13.435556411743391]]],[[[92.84333038330095,13.440832138061808],[92.84333038330095,13.439999580383358],[92.84361267089855,13.43972015380865],[92.84361267089855,13.438334465026799]]],[[[94.27333068847662,13.464444160461483],[94.27333068847662,13.464165687561092],[94.27361297607416,13.463890075683594],[94.27361297607416,13.463061332702694]]],[[[92.87444305419922,13.51220989227295],[92.87444305419922,13.511943817138786],[92.87305450439453,13.510556221008528],[92.87319946289091,13.510418891906795]]],[[[92.91889190673834,13.515569686889876],[92.91916656494169,13.515282630920467],[92.9194412231447,13.515282630920467],[92.91971588134777,13.515000343322754]]],[[[92.91000366210966,13.537221908569506],[92.9119415283206,13.535277366638468],[92.9119415283206,13.534998893737907],[92.91249847412138,13.534440994262638]]],[[[92.87500000000017,13.54083442688011],[92.87638854980474,13.53944396972662],[92.87695312500006,13.539450645446834],[92.87860870361345,13.537779808044547]]],[[[93.00785827636747,13.555362701416243],[93.00758361816412,13.555294990539494],[93.00723266601568,13.555299758911133],[93.0068130493164,13.555229187011719]]],[[[93.05734252929705,13.566250801086653],[93.05734252929705,13.565909385681152],[93.05747985839838,13.565571784973258],[93.05741119384771,13.565291404724292]]],[[[93.02944183349604,13.573333740234375],[93.02111053466814,13.431120872497615],[93.07083129882807,13.406109809875602],[93.02828979492216,13.373181343078613],[93.09059143066412,13.335932731628588],[92.95053863525408,13.34390068054222],[93.06667327880876,13.272500038147086],[93.03488159179693,13.0809907913208],[92.97461700439459,13.012861251831168],[92.93667602539068,13.084712982177848],[92.89430999755865,13.056530952453556],[92.93852233886736,12.971276283264388],[92.88230133056646,12.982724189758244],[92.84171295166044,12.876629829406852],[92.78833007812528,13.019171714782829],[92.84749603271484,13.139159202575627],[92.84306335449247,13.402221679687443],[92.91750335693376,13.536390304565714],[93.02944183349604,13.573333740234375]]],[[[92.89694213867205,13.601671218872127],[92.89721679687528,13.601392745971907],[92.89778137207043,13.601392745971907],[92.89833068847662,13.600830078125]]],[[[93.06388854980474,13.654166221618823],[93.06472015380888,13.653329849243164],[93.06576538085943,13.653126716613883],[93.06749725341803,13.651460647583235]]],[[[93.02361297607428,13.67086124420166],[93.02311706542997,13.67086124420166],[93.02291870117216,13.67127990722662],[93.02311706542997,13.671620368957633]]],[[[93.0158309936524,13.67611217498785],[93.02777862548845,13.626939773559513],[92.97666931152361,13.654999732971191],[93.0158309936524,13.67611217498785]]],[[[93.22442626953142,14.015830993652514],[93.22666931152338,14.013884544372502],[93.22708892822283,14.013261795044173],[93.2271575927735,14.012079238891602]]],[[[93.36666870117182,14.047499656677246],[93.3661193847658,14.046938896179313],[93.36611175537126,14.046668052673454],[93.36583709716803,14.04666996002203]]],[[[93.38360595703153,14.127779960632381],[93.38360595703153,14.127360343933162],[93.38319396972662,14.127078056335392],[93.38223266601568,14.127219200134277]]],[[[93.36624908447294,14.156380653381461],[93.36638641357428,14.156111717224405],[93.36694335937506,14.155559539794922],[93.36694335937506,14.155282020569018]]],[[[93.35694122314447,14.192500114440861],[93.35722351074224,14.19222164154047],[93.3574981689456,14.19222164154047],[93.35813140869158,14.192081451416072]]],[[[93.37027740478544,14.193334579467717],[93.37055206298834,14.19305419921875],[93.37110900878923,14.193060874939192],[93.37194824218761,14.192219734191895]]],[[[93.55055236816423,14.783920288086108],[93.55013275146513,14.783920288086108],[93.5497817993164,14.784132003784237],[93.54928588867193,14.785088539123706]]],[[[93.57083129882818,14.846321105957031],[93.57055664062494,14.84618186950695],[93.57021331787126,14.846240997314453],[93.56986236572266,14.846657752990836]]],[[[93.57221984863293,14.859443664550952],[93.57166290283232,14.85888767242426],[93.57110595703153,14.858889579773063],[93.57083129882818,14.8591699600222]]],[[[93.57274627685553,14.870361328125],[93.57315826416021,14.869879722595329],[93.57315826416021,14.868500709533919],[93.57274627685553,14.868159294128645]]],[[[93.64138793945312,14.902499198913802],[93.64250183105486,14.901391029358024],[93.64250183105486,14.901110649108887],[93.64306640625017,14.900559425354231]]],[[[93.64840698242205,14.934869766235352],[93.64916992187517,14.934440612792969],[93.64944458007818,14.934443473816032],[93.65034484863298,14.934023857116983]]]]}},{"type":"Feature","properties":{"name":"Andhra Pradesh"},"geometry":{"type":"MultiPolygon","coordinates":[[[[80.27458190917997,13.459583282470703],[80.27458190917997,13.459029197692814],[80.27485656738298,13.459031105041618],[80.27485656738298,13.458750724792424]]],[[[80.22735595703142,13.494031906127987],[80.22735595703142,13.493471145629883],[80.22763824462896,13.493471145629883],[80.22763824462896,13.492917060852164]]],[[[80.2323608398438,13.494583129882812],[80.2323608398438,13.494304656982422],[80.23291778564453,13.494304656982422],[80.23291778564453,13.494027137756348]]],[[[80.26541900634777,13.519582748413143],[80.26541900634777,13.519305229187239],[80.26568603515642,13.519309997558707],[80.26568603515642,13.51902961730957]]],[[[80.19264221191423,13.52069568634056],[80.19264221191423,13.520415306091422],[80.19374847412104,13.520421981811467],[80.19374847412104,13.5201416015625]]],[[[80.18486022949224,13.535421371460018],[80.18486022949224,13.535140991211051],[80.18514251709013,13.535140991211051],[80.18514251709013,13.534580230712947]]],[[[80.05346679687506,13.589310646057243],[80.05346679687506,13.589031219482365],[80.05403137207037,13.589031219482365],[80.05403137207037,13.588752746581974]]],[[[80.14902496337896,13.618473052978516],[80.14902496337896,13.618194580078125],[80.1493072509765,13.618194580078125],[80.1493072509765,13.616529464721793]]],[[[80.0970764160158,13.641530990600529],[80.0970764160158,13.641249656677246],[80.09735870361334,13.641249656677246],[80.09735870361334,13.640139579772892]]],[[[80.10652923583996,13.652919769287223],[80.10652923583996,13.6520805358889],[80.10624694824236,13.652083396911621],[80.10624694824236,13.651527404785156]]],[[[80.10263824462908,13.677640914916992],[80.10263824462908,13.677360534668196],[80.10402679443365,13.677360534668196],[80.10402679443365,13.677083015441951]]],[[[80.05986022949213,15.199861526489315],[80.05986022949213,15.199582099914835],[80.06041717529325,15.199582099914835],[80.06041717529325,15.19930553436302]]],[[[80.21069335937528,15.501530647277946],[80.21069335937528,15.501251220703068],[80.21098327636719,15.501251220703068],[80.21097564697283,15.500695228576603]]],[[[81.0279159545899,15.765693664551009],[81.0279159545899,15.765416145324707],[81.02874755859403,15.765420913696573],[81.02874755859403,15.76513957977295]]],[[[80.7829132080081,15.837639808655013],[80.7829132080081,15.837080955505485],[80.78319549560553,15.837083816528377],[80.78319549560553,15.836806297302473]]],[[[80.78791809082048,15.843194007873592],[80.78791809082048,15.842915534973201],[80.7884826660158,15.842921257018986],[80.7884826660158,15.842639923095703]]],[[[80.78597259521513,15.8565292358399],[80.78597259521513,15.856250762939737],[80.78624725341803,15.856250762939737],[80.78624725341803,15.85597133636486]]],[[[80.77348327636724,15.861809730529785],[80.77348327636724,15.861251831054915],[80.77375030517607,15.861251831054915],[80.77375030517607,15.860971450805948]]],[[[81.54180908203136,16.355421066284407],[81.54180908203136,16.35514068603527],[81.54207611084001,16.35514068603527],[81.54207611084001,16.354860305786303]]],[[[81.53514099121122,16.355972290039062],[81.53514099121122,16.355693817138672],[81.53541564941423,16.355693817138672],[81.53541564941423,16.35458374023449]]],[[[82.31735229492216,16.576530456543196],[82.31735229492216,16.574579238891772],[82.31708526611334,16.574581146240348],[82.31708526611334,16.57402992248535]]],[[[82.26235961914068,16.67791748046892],[82.26235961914068,16.677640914917106],[82.26264190673857,16.677640914917106],[82.26264190673857,16.67736053466797]]],[[[82.29951477050798,16.71433258056635],[82.29957580566412,16.714031219482365],[82.29938507080084,16.71402931213379],[82.29943847656278,16.71412849426298]]],[[[82.30790710449236,16.716529846191634],[82.30790710449236,16.716249465942496],[82.30819702148466,16.716249465942496],[82.30819702148466,16.715970993042106]]],[[[82.31485748291027,16.72597312927246],[82.31485748291027,16.72486114501953],[82.3145828247072,16.72486114501953],[82.3145828247072,16.72347068786621]]],[[[82.33207702636713,16.72486114501953],[82.33207702636713,16.725139617919922],[82.33180236816412,16.725139617919922],[82.33180236816412,16.72541999816906]]],[[[82.33207702636713,16.72486114501953],[82.31069183349638,16.602359771728572],[82.2587509155274,16.690111160278434],[82.33207702636713,16.72486114501953]]],[[[83.17207336425776,17.56903076171892],[83.17207336425776,17.568750381469954],[83.17236328125006,17.568750381469954],[83.17236328125006,17.56680107116705]]],[[[83.30569458007818,17.68458366394043],[83.30569458007818,17.68347167968767],[83.30541992187517,17.68347167968767],[83.30541992187517,17.683195114135856]]],[[[83.31208038330072,17.684860229492415],[83.31208038330072,17.684030532837028],[83.31124877929693,17.684030532837028],[83.31124877929693,17.683740615844727]]],[[[83.2698593139649,17.70874977111839],[83.2698593139649,17.708190917969034],[83.2687530517581,17.708194732666016],[83.2687530517581,17.708471298218]]],[[[82.29951477050798,16.71433258056635],[82.17463684082037,16.72510910034174],[82.25846862792969,16.689861297607422],[82.26791381835943,16.564027786255167],[82.30986022949224,16.56764030456543],[81.94458007812506,16.39513969421398],[81.72041320800781,16.31014060974121],[81.36513519287115,16.359859466552905],[81.230972290039,16.235139846801985],[81.14569091796903,15.973750114441032],[80.96680450439447,15.731805801391829],[80.82208251953142,15.712916374206543],[80.80541992187528,15.842639923095703],[80.68681335449219,15.882640838623217],[80.43096923828136,15.80570030212408],[80.27041625976591,15.673195838928223],[80.07986450195341,15.315973281860352],[80.04792022705084,15.077349662780762],[80.0593032836914,14.819860458374137],[80.19902801513678,14.587082862853947],[80.12208557128923,14.114583969116211],[80.31513977050787,13.43375110626232],[80.14708709716797,13.724310874939079],[80.13847351074236,13.612915992737044],[80.10679626464844,13.709309577941951],[80.05095672607422,13.588191986084212],[80.2620925903322,13.472920417785815],[80.31212615966803,13.369380950927734],[80.23033142089872,13.476849555969295],[80.00771331787115,13.53237247467041],[80.0360412597658,13.484479904175032],[79.92550659179693,13.33594036102295],[79.72129058837919,13.272239685058821],[79.784896850586,13.223480224609489],[79.74437713623041,13.194911003112907],[79.66853332519531,13.281930923461914],[79.5802612304688,13.245370864868221],[79.42887878417997,13.32356166839611],[79.37460327148455,13.303039550781193],[79.42378997802751,13.187460899353027],[79.3079376220706,13.09691143035883],[79.21832275390653,13.135551452636832],[79.15270233154325,13.007292747497615],[78.97959136962908,13.076510429382267],[78.91438293457037,13.067761421203727],[78.92463684082048,13.01864147186285],[78.8760375976563,13.086159706115836],[78.70244598388689,13.056151390075797],[78.61366271972685,12.978890419006404],[78.64671325683594,12.919019699096793],[78.54767608642607,12.685590744018555],[78.48435211181669,12.734781265258846],[78.45478057861357,12.612019538879451],[78.36833953857428,12.611840248107853],[78.18984985351591,12.68130970001232],[78.24109649658209,12.847420692443848],[78.34542846679693,12.928060531616211],[78.45423889160185,12.853161811828727],[78.42265319824219,12.968600273132324],[78.56907653808588,13.156482696533203],[78.57746887207026,13.262049674987907],[78.36699676513678,13.320039749145621],[78.39076232910173,13.57810020446783],[78.18327331542986,13.556380271911678],[78.15576171875,13.648710250854549],[78.08072662353521,13.635340690612907],[78.1060409545899,13.853541374206657],[78.04115295410173,13.886729240417594],[77.94458007812528,13.81997108459467],[77.97857666015625,13.947650909423828],[77.91160583496088,13.89724063873291],[77.81829071044933,13.934881210327092],[77.82772064209001,13.86061954498291],[77.70874786376959,13.732739448547363],[77.64908599853521,13.77583980560297],[77.44975280761724,13.675790786743164],[77.42453002929705,13.83512973785406],[77.25044250488287,13.839470863342285],[77.23384094238287,13.894931793213004],[77.17880249023432,13.859840393066406],[77.17703247070324,13.91740036010765],[77.12388610839844,13.849390029907227],[77.1665802001956,13.754669189453239],[76.99259185791027,13.742550849914664],[76.96839141845732,13.814390182495117],[77.03584289550787,13.925591468811149],[76.89142608642595,14.1589994430542],[77.01982879638678,14.172701835632324],[77.02369689941435,14.05325889587408],[77.14733886718744,13.991621971130371],[77.31349182128923,14.024820327758732],[77.39705657959001,13.880540847778548],[77.4306411743164,13.968779563904036],[77.32618713378918,14.022939682006893],[77.39544677734403,14.10344123840332],[77.34773254394537,14.12434101104742],[77.50044250488298,14.150960922241325],[77.49936676025396,14.260510444641113],[77.38565826416021,14.324870109558049],[77.38378906250011,14.191821098327694],[77.28114318847662,14.331110954284782],[77.15215301513689,14.337740898132381],[77.10507965087896,14.213281631469727],[76.93784332275396,14.240120887756461],[76.88314056396513,14.390291213989258],[76.97339630126953,14.478281021118221],[76.87020111083979,14.468440055847282],[76.76091003417963,14.596281051635799],[76.86547851562517,14.937600135803336],[76.76377105712885,14.969869613647461],[76.77082061767572,15.058288574218807],[77.07881927490263,15.000009536743278],[77.15403747558611,15.120520591735783],[77.12090301513678,15.22124099731451],[77.16414642334001,15.259070396423397],[76.97039031982439,15.490921974182243],[77.02659606933588,15.499990463256893],[77.02928161621094,15.63383865356451],[77.12092590332037,15.637201309204329],[77.02227020263689,15.831780433654899],[77.06595611572266,15.899311065673885],[77.24891662597662,15.957740783691406],[77.50945281982428,15.920860290527287],[77.48755645751964,16.249820709228516],[77.59160614013689,16.33751106262207],[77.34294891357428,16.379720687866154],[77.23517608642584,16.468080520629996],[77.3662872314456,16.484109878540153],[77.46417236328142,16.584209442138672],[77.41657257080084,16.66281127929699],[77.46504211425793,16.678281784057617],[77.42341613769537,16.71453094482422],[77.49938964843778,17.00732040405279],[77.35999298095732,17.16162109375],[77.38035583496105,17.219770431518555],[77.45450592041021,17.27589035034191],[77.45159912109392,17.37049102783203],[77.52802276611357,17.372110366821346],[77.51014709472673,17.42725944519043],[77.68696594238298,17.491569519042912],[77.43992614746088,17.581470489502067],[77.45034790039068,17.691299438476562],[77.56202697753923,17.747110366821516],[77.5108795166015,17.801441192626953],[77.65339660644548,17.969352722167912],[77.54574584960966,18.053760528564396],[77.59745788574247,18.084289550781477],[77.60301971435547,18.277999877929688],[77.51950073242205,18.34925270080572],[77.52848052978533,18.440481185913086],[77.58521270751964,18.445449829101562],[77.54619598388689,18.463382720947322],[77.60106658935575,18.474210739135742],[77.59726715087919,18.54754066467285],[77.7365112304687,18.554809570312557],[77.72811126709013,18.66420936584484],[77.83746337890642,18.807460784912337],[77.94255065917986,18.822290420532454],[77.75739288330084,19.028551101684513],[77.84813690185564,19.090080261230582],[77.90570831298828,19.26721954345726],[77.8608779907226,19.302129745483512],[77.94892120361334,19.341279983520735],[78.0511322021485,19.241760253906193],[78.1700592041015,19.236330032348633],[78.18216705322271,19.411769866943473],[78.308891296387,19.456409454345817],[78.26972198486334,19.66312980651861],[78.3677368164063,19.781080245971793],[78.2941284179688,19.849550247192383],[78.31019592285168,19.91274070739746],[78.49391937255854,19.793149948120117],[78.84562683105497,19.758350372314396],[78.8588027954101,19.656311035156307],[78.9689559936524,19.649232864379883],[78.95455169677729,19.551830291748047],[79.17778778076178,19.460691452026367],[79.24386596679716,19.612552642822493],[79.4704208374024,19.49745178222662],[79.54265594482428,19.54852294921875],[79.59805297851591,19.503770828247127],[79.74032592773449,19.60313987731928],[79.81109619140653,19.57384109497076],[79.97305297851591,19.401020050049055],[79.94320678710943,19.170600891113224],[79.85804748535185,19.104110717773438],[79.85958862304682,19.034629821777344],[79.93448638916027,19.02169990539545],[79.90909576416021,18.80669021606468],[80.11081695556658,18.676189422607422],[80.26753997802763,18.71796989440918],[80.34184265136724,18.586441040039062],[80.48346710205107,18.628120422363395],[80.63268280029314,18.518840789794922],[80.7881164550783,18.25403976440424],[80.7345581054688,18.17171287536621],[80.82958984375006,18.23411941528326],[80.8620223999024,18.132669448852482],[80.97367858886719,18.168149948120174],[80.94399261474615,18.081020355224723],[81.04522705078142,17.783990859985465],[81.15956878662115,17.852630615234318],[81.61115264892595,17.81536293029785],[82.02465820312517,18.057880401611385],[82.26107788085949,17.98240089416504],[82.36429595947294,18.134859085083065],[82.30609893798857,18.195659637451115],[82.39301300048834,18.306440353393782],[82.33444213867193,18.3171329498291],[82.36128997802751,18.40991020202631],[82.47400665283203,18.5368328094483],[82.62687683105474,18.22874069213873],[82.7670516967774,18.331079483032227],[82.79917144775419,18.439401626586914],[82.90274810791044,18.35591125488287],[83.0533905029298,18.375299453735295],[83.01541137695318,18.444429397583065],[83.08933258056658,18.537910461425895],[83.00968170166021,18.63652992248541],[83.13295745849638,18.772449493408146],[83.20506286621122,18.715860366821516],[83.3963012695313,18.83070945739746],[83.30526733398455,18.989681243896598],[83.45548248291044,18.945579528808594],[83.45939636230474,19.06967163085949],[83.53138732910185,19.00542068481451],[83.62328338623053,19.15363121032715],[83.7458267211914,18.918172836303825],[83.78830718994169,19.00781059265148],[83.87017822265625,18.818429946899414],[84.08177947998053,18.744640350341797],[84.31249237060547,18.779190063476676],[84.42938995361357,18.913682937622184],[84.41513061523455,19.013860702514705],[84.47165679931646,18.981220245361555],[84.56613922119169,19.065038681030387],[84.59011840820318,19.013380050659293],[84.66458892822266,19.06629180908203],[84.59184265136724,19.123840332031364],[84.7052230834961,19.149009704589957],[84.7462463378908,19.04847145080572],[84.12458038330107,18.309305191039982],[83.57263946533203,18.0181941986084],[83.21347045898432,17.590972900390625],[82.36846160888683,17.11874961853033],[82.24903106689459,16.930419921874943],[82.3543090820313,16.851528167724723],[82.32430267334001,16.988750457763672],[82.35791778564459,16.963752746582315],[82.29951477050798,16.71433258056635]]]]}},{"type":"Feature","properties":{"name":"Arunachal Pradesh"},"geometry":{"type":"Polygon","coordinates":[[[96.1577758789063,29.383100509643555],[96.24356842041033,29.235122680664006],[96.39280700683605,29.256500244140625],[96.34635925292986,29.171030044555778],[96.11450195312506,29.077602386474666],[96.18485260009771,28.98811912536638],[96.1665267944336,28.905929565429688],[96.525199890137,29.07928085327154],[96.47740173339861,28.99403953552246],[96.61599731445341,28.77857971191412],[96.47274017334013,28.688209533691463],[96.49405670166021,28.638191223144588],[96.32567596435558,28.534009933471737],[96.37296295166021,28.487039566040096],[96.26377105712908,28.413379669189453],[96.39940643310564,28.344499588012695],[96.45826721191435,28.419221878051758],[96.66456604003912,28.46577072143583],[96.99649810791044,28.316230773925838],[97.09256744384771,28.36969184875494],[97.40056610107439,28.200500488281307],[97.30774688720709,28.077100753784464],[97.41516113281278,28.024080276489315],[97.38902282714855,27.89637947082548],[97.25647735595732,27.909530639648438],[96.89758300781267,27.620801925659407],[96.91184997558588,27.462709426879883],[97.16720581054716,27.155479431152457],[97.14643096923857,27.102840423583984],[96.86622619628935,27.19968986511242],[96.88877868652338,27.263599395751953],[96.80236053466825,27.354431152343864],[96.62048339843756,27.37281990051281],[96.52233123779325,27.293970108032454],[96.09902191162115,27.231409072876204],[95.94596862792963,27.059709548950195],[95.80793762207048,27.020450592041186],[95.73081207275419,26.887491226196346],[95.5327758789063,26.831209182739258],[95.42330932617199,26.696712493896598],[95.23763275146501,26.686290740966797],[95.1955184936524,27.042949676513672],[95.45778656005865,27.135641098022575],[95.51618194580084,27.268630981445426],[95.89396667480469,27.26301193237299],[96.02091217041044,27.371259689331225],[95.97778320312528,27.43549919128418],[95.84934234619146,27.43032073974615],[95.88133239746094,27.55323028564453],[95.75821685791021,27.731109619140682],[95.97746276855469,27.968500137329045],[95.60674285888678,27.95776939392107],[95.5159530639649,27.881788253784464],[94.86086273193388,27.739479064941634],[94.45973968505888,27.557710647583008],[94.25222778320341,27.640930175781364],[94.21111297607422,27.610841751098746],[94.25972747802751,27.52349090576172],[93.80858612060575,27.15175056457548],[93.8350219726563,27.074991226196346],[93.48935699462908,26.93852996826189],[93.01937103271501,26.916830062866325],[92.65892791748053,27.03852081298851],[92.58521270751982,26.961862564086914],[92.10788726806646,26.89381980895996],[92.02337646484392,27.162334442138672],[92.03959655761719,27.26667213439947],[92.12061309814453,27.287570953369254],[92.01876068115234,27.47974586486839],[91.65323638916027,27.48298072814964],[91.56200408935553,27.584209442138615],[91.64002227783209,27.757991790771484],[91.55252075195318,27.858572006225586],[91.82421112060547,27.810350418090934],[91.91876220703153,27.715101242065373],[92.21039581298857,27.85898971557623],[92.31595611572283,27.778240203857592],[92.56069183349615,27.82104110717779],[92.73948669433622,27.98941040039091],[92.66293334960943,28.062770843505803],[92.68698883056646,28.12579917907715],[92.96452331542974,28.261810302734375],[93.00035858154303,28.230791091918945],[93.02366638183605,28.303199768066406],[93.21897888183605,28.333730697631893],[93.18266296386736,28.439990997314567],[93.33690643310541,28.640159606933707],[93.92613220214861,28.67180061340332],[93.99491119384794,28.841369628906307],[94.15513610839872,28.95476150512701],[94.21469116210938,29.08408927917486],[94.4311828613283,29.22682189941429],[94.55789947509771,29.228910446167106],[94.62815856933622,29.348590850830135],[94.79798889160173,29.164609909057845],[95.02279663085966,29.130620956420955],[94.99749755859392,29.173011779785213],[95.41013336181646,29.034120559692496],[95.54680633544939,29.128650665283203],[95.53771972656256,29.21400070190441],[95.77762603759771,29.356399536132926],[96.08053588867193,29.46334457397461],[96.1577758789063,29.383100509643555]]]}},{"type":"Feature","properties":{"name":"Assam"},"geometry":{"type":"MultiPolygon","coordinates":[[[[89.87145233154291,25.53729820251459],[89.8711776733399,25.53695106506376],[89.87565612792969,25.528528213501204],[89.87032318115251,25.5214900970459]]],[[[89.87145233154291,25.53729820251459],[89.87094879150396,25.538642883300895],[89.87320709228533,25.540090560913143],[89.87394714355486,25.54193687438965]]],[[[95.95231628417986,27.94184112548851],[95.75871276855486,27.726680755615348],[95.88133239746094,27.55323028564453],[95.84934234619146,27.43032073974615],[95.97778320312528,27.43549919128418],[96.01835632324224,27.367900848388956],[95.89396667480469,27.26301193237299],[95.51088714599638,27.26626968383789],[95.45778656005865,27.135641098022575],[95.02134704589861,26.925399780273494],[94.89447021484375,26.93733024597168],[94.7563705444336,26.7722682952882],[94.46794128417997,26.669820785522575],[94.31651306152372,26.462930679321516],[94.27674102783209,26.558839797973633],[94.17550659179693,26.344219207763786],[94.0048065185548,26.17327117919922],[93.97939300537115,25.919679641723633],[93.79576110839855,25.814350128173942],[93.77301788330084,25.966020584106445],[93.3317413330081,25.546810150146484],[93.46186828613298,25.4346981048584],[93.47402191162138,25.309280395507812],[93.24884033203142,25.018800735473633],[93.19735717773438,24.811260223388786],[93.10978698730486,24.809740066528263],[93.03916931152338,24.411130905151424],[92.82898712158197,24.37776947021507],[92.7651977539063,24.520849227905387],[92.69066619873075,24.354801177978572],[92.4668273925783,24.13504028320324],[92.42237854003923,24.253110885620117],[92.21285247802746,24.24930953979515],[92.29827117919928,24.73655128479004],[92.24051666259777,24.89919090271019],[92.49179840087908,24.874021530151595],[92.423637390137,24.996099472045955],[92.48429870605497,25.10806083679205],[92.80442047119158,25.21932983398449],[92.78437042236328,25.332538604736442],[92.56741333007818,25.46747016906744],[92.65345764160168,25.592180252075195],[92.57250213623064,25.56042098999046],[92.38510131835966,25.75356292724615],[92.16069793701189,25.671859741210938],[92.15310668945318,25.8127498626709],[92.22547912597685,25.907049179077205],[92.15631866455095,25.944799423218],[92.29731750488287,26.079149246215877],[91.92209625244158,25.999530792236442],[91.81931304931646,26.118740081787223],[91.66931152343744,25.90538978576666],[91.57583618164091,26.03310966491722],[91.47476196289057,25.87123107910179],[91.52540588378912,25.872890472412223],[91.3335571289063,25.83884048461914],[91.22387695312506,25.723419189453182],[91.19647979736322,25.859010696411133],[91.00078582763666,25.82225036621105],[91.02922058105469,25.888048171997127],[90.94274902343761,25.947570800781364],[90.77806091308611,25.90829086303711],[90.68604278564482,25.950809478759766],[90.624809265137,25.89889907836914],[90.58245849609386,25.95979118347168],[90.51254272460955,25.896240234375057],[90.47728729248047,26.01526069641119],[90.11865234375,25.961259841918945],[89.8926162719726,25.735000610351562],[90.0172958374024,25.602191925049055],[89.87010192871122,25.54422187805187],[89.81452941894537,25.81698036193859],[89.89035797119158,25.940229415893782],[89.82820129394548,25.943559646606673],[89.87539672851574,25.97611045837408],[89.69483947753906,26.18907165527338],[89.71782684326178,26.30570030212408],[89.85729217529325,26.38446044921875],[89.8623886108399,26.737003326416016],[90.1278381347658,26.749042510986328],[90.21482086181658,26.853700637817553],[90.4097061157226,26.90192031860363],[90.69986724853533,26.768014907836857],[91.09659576416033,26.819803237915266],[91.33631896972673,26.779651641845817],[91.40834808349638,26.835561752319393],[91.68724822998041,26.805093765258846],[91.85778045654297,26.91402816772461],[92.05519104003906,26.84805297851591],[92.58521270751982,26.961862564086914],[92.65892791748053,27.03852081298851],[93.01937103271501,26.916830062866325],[93.65511322021501,26.966478347778548],[93.8350219726563,27.074991226196346],[93.80858612060575,27.15175056457548],[94.25905609130871,27.522600173950195],[94.21111297607422,27.610841751098746],[94.25222778320341,27.640930175781364],[94.45973968505888,27.557710647583008],[94.86086273193388,27.739479064941634],[95.5159530639649,27.881788253784464],[95.60674285888678,27.95776939392107],[95.95231628417986,27.94184112548851]]]]}},{"type":"Feature","properties":{"name":"Bihar"},"geometry":{"type":"MultiPolygon","coordinates":[[[[88.1054763793947,26.53903961181652],[88.10504913330072,26.53584861755371],[88.10621643066423,26.536014556884993],[88.10202026367205,26.534389495849723]]],[[[84.11972045898443,27.513521194458065],[84.29589080810541,27.384172439575252],[84.62201690673857,27.338207244873047],[84.69306182861328,27.214801788330078],[84.64485168457037,27.04719734191923],[84.96448516845709,26.960275650024357],[85.06241607666044,26.88670539855957],[85.02444458007841,26.855432510375977],[85.19770812988298,26.86659431457531],[85.21228790283209,26.758703231811808],[85.33631896972685,26.74141502380388],[85.63668823242193,26.871902465820426],[85.73671722412126,26.795616149902287],[85.73461914062517,26.654315948486385],[85.85211944580095,26.56841468811058],[86.03073883056646,26.666421890259016],[86.21961212158232,26.588109970092773],[86.33003997802763,26.61915397644043],[86.73352050781267,26.42204475402832],[87.07427978515653,26.58546638488764],[87.09391784667997,26.450016021728743],[87.34341430664091,26.347515106201172],[87.46909332275419,26.44006538391119],[87.60841369628923,26.380601882934684],[87.89063262939482,26.48641967773449],[88.03255462646513,26.36463165283226],[88.10614776611357,26.535623550415096],[88.23120117187506,26.551982879638672],[88.17903900146513,26.490579605102596],[88.27955627441435,26.33553123474138],[87.96405792236357,26.151979446411133],[87.97219085693365,26.08485031127924],[87.84211730957037,26.044481277465877],[87.80358123779303,25.92072105407715],[87.91091156005876,25.85174942016613],[87.89846801757841,25.769760131836165],[88.04862976074236,25.690570831298942],[88.07041168212896,25.48050117492687],[87.92604827880865,25.536212921142635],[87.78132629394543,25.444650650024528],[87.83664703369169,25.199260711669865],[87.58007049560553,25.348390579223633],[87.48150634765653,25.295171737670955],[87.47216033935575,25.1946697235108],[87.32345581054705,25.223091125488338],[87.29110717773443,25.089269638061523],[87.14676666259794,25.024311065673942],[87.15811920166016,24.885631561279354],[87.07856750488298,24.82225036621105],[87.0504684448245,24.606769561767635],[86.93009185791044,24.642820358276424],[86.91117858886724,24.53867912292486],[86.77712249755888,24.619760513305607],[86.66839599609403,24.56064033508295],[86.60292053222662,24.605068206787223],[86.45220947265625,24.368629455566463],[86.27913665771513,24.462001800537166],[86.32286071777361,24.584091186523438],[86.13329315185564,24.60354042053217],[86.05058288574224,24.779541015624943],[85.95030212402372,24.732118606567383],[85.73674011230486,24.822650909423885],[85.64952850341791,24.687040328979492],[85.66470336914068,24.58193016052246],[85.28251647949247,24.52668952941889],[85.0894165039063,24.37919998168968],[85.07615661621122,24.439870834350586],[84.89803314208979,24.372129440307617],[84.79532623291021,24.529491424560604],[84.658256530762,24.39374160766613],[84.5215225219726,24.37626075744629],[84.4935379028322,24.287040710449332],[84.29321289062494,24.450822830200195],[84.29297637939464,24.56599044799816],[84.10977935791033,24.481399536132926],[83.99221038818388,24.63803291320812],[83.86804199218778,24.532880783080998],[83.49816894531256,24.527059555053768],[83.54141235351568,24.62618064880371],[83.38680267334013,24.78421974182129],[83.3181762695312,25.01732063293457],[83.34960937500028,25.19894027709961],[83.83837127685564,25.4368896484375],[83.91705322265653,25.558490753173885],[84.07650756835966,25.637531280517692],[84.09439086914068,25.72038078308117],[84.2855758666995,25.661529541015625],[84.33129119873053,25.74457168579096],[84.48838806152361,25.67785072326666],[84.63059997558622,25.728340148925838],[84.52864074707048,25.87774085998541],[84.16622924804705,25.991500854492188],[84.04905700683622,26.099700927734432],[84.00551605224615,26.234069824218864],[84.15730285644537,26.24413108825695],[84.17135620117188,26.373979568481445],[83.9022827148438,26.450250625610295],[83.90220642089838,26.51807975769043],[84.04776000976562,26.54348945617687],[84.08177947998053,26.642860412597656],[84.41439819335938,26.62717056274414],[84.29802703857439,26.753271102905273],[84.23398590087896,26.739530563354492],[84.24109649658232,26.86243057250988],[84.052001953125,26.89170074462919],[84.02072143554688,27.095481872558594],[83.93942260742205,27.092992782592773],[83.98512268066418,27.181762695312727],[83.89795684814464,27.25942993164091],[83.92359924316423,27.316431045532227],[83.82895660400419,27.32275962829584],[83.905517578125,27.376214981079386],[83.87024688720709,27.428506851196573],[84.02941894531278,27.433629989624194],[84.11972045898443,27.513521194458065]]],[[[87.30621337890653,27.84321594238304],[87.30680084228544,27.836589813232422],[87.30617523193365,27.843217849731445],[87.30621337890653,27.84321594238304]]],[[[87.26291656494169,27.850715637207315],[87.25248718261736,27.842866897583008],[87.25118255615251,27.84306144714367],[87.25131988525385,27.843114852905273]]],[[[87.26291656494169,27.850715637207315],[87.26721191406267,27.8501167297365],[87.26628112792974,27.849452972412166],[87.26291656494169,27.850715637207315]]]]}},{"type":"Feature","properties":{"name":"Chandigarh"},"geometry":{"type":"Polygon","coordinates":[[[76.81980895996105,30.68582916259777],[76.69062805175787,30.760080337524528],[76.79776763916016,30.78527069091797],[76.81980895996105,30.68582916259777]]]}},{"type":"Feature","properties":{"name":"Chhattisgarh"},"geometry":{"type":"Polygon","coordinates":[[[83.3275985717774,24.09964942932129],[83.50670623779303,24.02824020385748],[83.56121063232439,23.86295127868658],[83.69538879394537,23.82066917419428],[83.774887084961,23.599500656127987],[83.93525695800798,23.563039779663086],[83.9378890991211,23.6224308013916],[84.00702667236334,23.632310867309684],[83.96582794189459,23.381210327148494],[84.0702514648437,23.329990386962947],[84.03367614746111,23.13844108581543],[84.12937927246088,23.08154106140148],[84.14800262451178,22.963869094848633],[84.189926147461,23.023719787597713],[84.37053680419928,22.975070953369254],[84.37692260742216,22.87589073181158],[84.22061157226562,22.668910980224666],[84.00505065917986,22.569562911987532],[84.00421142578153,22.36766052246105],[83.61927032470709,22.19635963439947],[83.55726623535162,22.09997940063488],[83.60031890869158,22.065509796142578],[83.53244781494146,22.03404808044445],[83.58447265625017,21.843601226806697],[83.46717834472673,21.78273963928234],[83.41974639892584,21.675020217895508],[83.48454284667986,21.62556266784668],[83.38072204589872,21.612751007080078],[83.33463287353533,21.495550155639705],[83.40265655517607,21.34843063354515],[83.27001953125006,21.375038146972884],[83.19010162353521,21.13552856445324],[82.63594055175781,21.149450302124023],[82.62230682373053,21.036569595337028],[82.4590530395509,20.823841094970703],[82.34661865234392,20.883848190307845],[82.32401275634777,20.55388069152832],[82.42916870117182,20.425752639770508],[82.39086151123064,20.059589385986328],[82.70748901367205,19.990219116210938],[82.71100616455084,19.848560333252067],[82.5850601196289,19.771049499511662],[82.59076690673845,19.866218566894474],[82.43949127197283,19.902919769287223],[82.33944702148443,19.8299617767334],[82.23062896728516,19.998081207275504],[82.05789947509771,20.049869537353516],[82.02440643310575,20.010040283203068],[81.94135284423834,20.102251052856445],[81.8737564086914,20.046180725097884],[81.84963226318365,19.908050537109375],[82.05982971191412,19.78309822082514],[82.02239227294922,19.501802444458008],[82.18305969238293,19.417610168456974],[82.15978240966803,19.12648010253912],[82.23956298828153,18.910459518432617],[82.17272949218756,18.895288467407227],[82.07858276367216,18.71208190917963],[81.88537597656244,18.65032958984375],[81.94690704345709,18.55915069580078],[81.74491119384771,18.345350265503157],[81.52796173095703,18.259080886840934],[81.38413238525385,17.803489685058594],[81.15956878662115,17.852630615234318],[81.03765106201178,17.78623962402355],[80.94399261474615,18.081020355224723],[80.97367858886719,18.168149948120174],[80.8620223999024,18.132669448852482],[80.82958984375006,18.23411941528326],[80.7345581054688,18.17171287536621],[80.78827667236322,18.24978065490717],[80.7265396118164,18.40899085998541],[80.48838806152355,18.62672042846674],[80.33879089355474,18.588209152221793],[80.23956298828142,18.752210617065487],[80.34778594970709,18.81594085693382],[80.26772308349638,18.98732948303234],[80.38334655761713,19.23913955688488],[80.56781768798845,19.400920867919865],[80.61015319824236,19.307140350341797],[80.74923706054688,19.286741256713867],[80.84500885009771,19.36091041564947],[80.78793334960955,19.426700592041016],[80.89206695556658,19.465681076049805],[80.82760620117205,19.562671661376896],[80.65685272216791,19.612260818481445],[80.66584014892578,19.692211151123047],[80.54242706298828,19.819271087646484],[80.39470672607428,19.79457855224615],[80.4975204467774,19.8687496185305],[80.40629577636719,19.932500839233512],[80.52037811279303,19.93087959289562],[80.54615783691412,20.065710067749023],[80.49803161621111,20.138919830322266],[80.3938369750976,20.144020080566463],[80.38295745849604,20.241720199584904],[80.61776733398438,20.33368110656744],[80.62232208251982,20.603862762451286],[80.4815979003908,20.61709976196289],[80.58011627197271,20.683641433715877],[80.54183959960932,20.93391990661621],[80.45909118652361,20.928150177001953],[80.4237594604495,21.00959014892601],[80.45526885986328,21.169080734252873],[80.67295074462896,21.298288345337028],[80.7185287475586,21.711860656738338],[80.81120300292986,21.747491836547795],[80.81844329834001,21.956790924072266],[80.90608978271496,22.11444091796875],[81.00427246093756,22.070020675659407],[80.97175598144526,22.12148094177246],[81.1138458251956,22.29438018798851],[81.10999298095714,22.441120147705135],[81.32293701171892,22.524330139160156],[81.39655303955095,22.441320419311523],[81.51906585693365,22.53998184204113],[81.61579132080084,22.539020538330135],[81.65654754638689,22.63200187683117],[81.76272583007841,22.663589477539062],[81.76940155029325,22.87350845336914],[81.9402465820313,22.957090377807617],[81.93810272216803,23.077810287475586],[82.15107727050776,23.14174079895031],[82.18585968017584,23.325389862060774],[81.9761199951173,23.413110733032283],[81.91635894775396,23.532091140747127],[81.73603057861322,23.567430496215934],[81.60704803466808,23.506889343261776],[81.56973266601562,23.588649749755973],[81.68728637695318,23.721349716186523],[81.61051177978544,23.906972885131893],[81.66159820556652,23.925598144531364],[81.78266143798834,23.81184005737316],[81.91644287109403,23.872989654541243],[82.51619720459001,23.7842311859132],[82.79865264892595,23.96218109130865],[82.94950103759766,23.872989654541243],[83.12741088867216,23.890020370483626],[83.3275985717774,24.09964942932129]]]}},{"type":"Feature","properties":{"name":"Dadra and Nagar Haveli"},"geometry":{"type":"Polygon","coordinates":[[[72.99046325683588,20.292089462280217],[73.10338592529297,20.36036109924322],[73.11286926269543,20.304941177368278],[73.17710113525396,20.31232261657715],[73.06423950195324,20.203161239624137],[73.08244323730469,20.156589508056754],[73.227783203125,20.187049865722656],[73.19890594482433,20.062271118164176],[72.98532104492188,20.113451004028263],[72.9223098754884,20.274400711059684],[72.99046325683588,20.292089462280217]]]}},{"type":"Feature","properties":{"name":"Daman and Diu"},"geometry":{"type":"MultiPolygon","coordinates":[[[[72.86013793945324,20.470960617065543],[72.87552642822271,20.38105010986328],[72.821533203125,20.371080398559627],[72.86013793945324,20.470960617065543]]],[[[70.88852691650419,20.709762573242244],[70.88853454589872,20.709032058716048],[70.88764190673845,20.709028244018498],[70.88764190673845,20.70930671691889]]],[[[70.9485473632813,20.733741760253906],[70.99764251709013,20.7140274047851],[70.89208221435553,20.70791625976574],[70.9485473632813,20.733741760253906]]],[[[70.76802825927734,20.9619598388673],[70.90161132812506,20.903329849243164],[70.81696319580084,20.851200103759822],[70.89617919921903,20.824792861938704],[70.83819580078153,20.690141677856502],[70.67402648925798,20.75819015502924],[70.73384857177763,20.988439559936637],[70.76802825927734,20.9619598388673]]]]}},{"type":"Feature","properties":{"name":"Delhi"},"geometry":{"type":"Polygon","coordinates":[[[77.21732330322277,28.835279464721793],[77.33753204345703,28.617492675781364],[77.29364776611328,28.579719543457145],[77.33773803710938,28.508970260620117],[77.24265289306652,28.48460006713873],[77.24061584472656,28.428859710693416],[77.16577148437506,28.40846061706543],[77.07247924804693,28.52028083801281],[76.8793716430664,28.509050369262695],[76.83761596679688,28.55698966979992],[76.93390655517572,28.63764953613287],[76.94230651855469,28.820680618286246],[77.07585144042969,28.884511947631836],[77.21732330322277,28.835279464721793]]]}},{"type":"Feature","properties":{"name":"Goa"},"geometry":{"type":"MultiPolygon","coordinates":[[[[73.78180694580107,15.355693817138672],[73.78180694580107,15.355416297912598],[73.78235626220732,15.355420112609977],[73.78235626220732,15.35513973236101]]],[[[73.79651641845703,15.379030227661076],[73.79651641845703,15.378751754760685],[73.79736328125006,15.378751754760685],[73.79736328125006,15.378471374511719]]],[[[73.86429595947271,15.408480644226074],[73.86429595947271,15.408190727234171],[73.86541748046892,15.408193588256836],[73.86541748046892,15.407361984252873]]],[[[73.87986755371094,15.779211997985897],[74.00238800048834,15.609051704406966],[74.2552566528322,15.654210090637207],[74.34165191650408,15.292930603027457],[74.25752258300781,15.257629394531364],[74.32190704345709,15.184069633483944],[74.30233764648432,15.039859771728572],[74.21183776855474,14.921420097351131],[74.0429229736331,14.918471336364803],[74.05014038085966,14.988195419311523],[73.9118041992188,15.084028244018668],[73.94847106933605,15.145972251892147],[73.88652801513666,15.350419998168888],[73.7829132080081,15.408749580383528],[73.89679718017607,15.414859771728743],[73.78763580322271,15.461527824401855],[73.6793060302735,15.722360610961857],[73.87986755371094,15.779211997985897]]]]}},{"type":"Feature","properties":{"name":"Gujarat"},"geometry":{"type":"MultiPolygon","coordinates":[[[[70.86096954345703,20.752918243408203],[70.86096954345703,20.75263977050804],[70.86152648925798,20.75263977050804],[70.86152648925798,20.752359390258846]]],[[[72.84597015380865,20.763200759887923],[72.84597015380865,20.762929916381893],[72.84625244140653,20.762929916381893],[72.84625244140653,20.76263999938982]]],[[[71.38847351074213,20.867084503173942],[71.38847351074213,20.86652755737299],[71.38819122314459,20.866529464721964],[71.38819122314459,20.86625289917015]]],[[[71.51625061035185,20.914304733276367],[71.51625061035185,20.914028167724553],[71.51653289794928,20.914028167724553],[71.51653289794928,20.91374969482439]]],[[[71.64901733398432,20.97792053222679],[71.64901733398432,20.977359771728516],[71.64930725097662,20.977361679077262],[71.64930725097662,20.976528167724723]]],[[[71.68653106689459,20.996528625488452],[71.68653106689459,20.996248245239258],[71.68681335449236,20.996248245239258],[71.68680572509783,20.9959716796875]]],[[[71.70375061035185,20.999582290649528],[71.70375061035185,20.999305725097713],[71.70403289794928,20.999309539794922],[71.70403289794928,20.99903106689453]]],[[[71.71041870117216,20.999582290649528],[71.71041870117216,20.999305725097713],[71.71153259277372,20.999309539794922],[71.71153259277372,20.99903106689453]]],[[[72.64763641357428,21.076248168945256],[72.64763641357428,21.075418472290096],[72.64791870117188,21.075418472290096],[72.64791870117188,21.07513809204113]]],[[[72.6793060302735,21.09875106811546],[72.6793060302735,21.098190307617188],[72.67958068847656,21.09819412231451],[72.67958068847656,21.097959518432617]]],[[[72.67208099365263,21.115140914916992],[72.67208099365263,21.114311218261776],[72.67236328125017,21.114311218261776],[72.67236328125017,21.113470077514705]]],[[[72.70207977294922,21.1223602294923],[72.70207977294922,21.120700836181697],[72.70236206054693,21.120700836181697],[72.70236206054693,21.117908477783146]]],[[[72.67652893066406,21.155700683593807],[72.67652893066406,21.155418395996094],[72.67764282226591,21.155418395996094],[72.67764282226591,21.155139923095703]]],[[[72.10291290283214,21.27431106567377],[72.10291290283214,21.274030685424805],[72.10346984863287,21.274030685424805],[72.10346984863287,21.272640228271484]]],[[[72.58790588378912,21.339309692382812],[72.58790588378912,21.337921142578068],[72.58763885498047,21.337921142578068],[72.58763885498047,21.336811065673885]]],[[[72.58319091796903,21.365419387817496],[72.58319091796903,21.365140914917106],[72.58374786376959,21.365140914917106],[72.58374786376959,21.364570617675838]]],[[[72.60041809082031,21.387081146240234],[72.60041809082031,21.383750915527344],[72.60013580322271,21.383750915527344],[72.60013580322271,21.379301071166992]]],[[[72.62819671630871,21.417360305786133],[72.62819671630871,21.416810989379883],[72.62847137451189,21.416810989379883],[72.62847137451189,21.41625022888195]]],[[[72.635971069336,21.41764068603527],[72.635971069336,21.417360305786133],[72.63680267334013,21.417360305786133],[72.63680267334013,21.416810989379883]]],[[[72.67597198486345,21.446809768676815],[72.67597198486345,21.445980072021428],[72.67624664306646,21.445980072021428],[72.67624664306646,21.444311141967717]]],[[[69.7242965698245,21.56402969360363],[69.7242965698245,21.563751220703068],[69.72458648681646,21.563751220703068],[69.72458648681646,21.5634708404541]]],[[[69.7284698486331,21.612083435058594],[69.7284698486331,21.61180496215843],[69.72875213623064,21.61181259155296],[69.72875213623064,21.611520767211914]]],[[[72.35319519042997,21.613470077514762],[72.35319519042997,21.61291694641119],[72.35375213623075,21.612922668457315],[72.35375213623075,21.612640380859375]]],[[[72.58458709716797,21.629030227661076],[72.58458709716797,21.627082824706974],[72.58430480957037,21.627082824706974],[72.58430480957037,21.626249313354606]]],[[[72.60930633544928,21.62874984741211],[72.60930633544928,21.627920150756893],[72.6090164184572,21.627920150756893],[72.6090164184572,21.627082824706974]]],[[[72.61180877685575,21.632085800170955],[72.61180877685575,21.631526947021598],[72.61152648925798,21.63153076171875],[72.61152648925798,21.631250381469783]]],[[[72.61708068847662,21.638471603393498],[72.61708068847662,21.63763809204113],[72.61680603027338,21.63763809204113],[72.61680603027338,21.63735961914074]]],[[[72.595703125,21.639030456543026],[72.595703125,21.63875007629406],[72.59597015380888,21.63875007629406],[72.59596252441418,21.63763809204113]]],[[[72.61958312988287,21.639583587646428],[72.61958312988287,21.639305114746264],[72.62014770507818,21.639312744140796],[72.62014770507818,21.639030456543026]]],[[[72.60236358642595,21.640970230102766],[72.60236358642595,21.64069366455078],[72.60263824462902,21.64069366455078],[72.60263824462902,21.639860153198242]]],[[[72.72264099121122,21.665971755981502],[72.72264099121122,21.665695190429915],[72.72374725341803,21.665695190429915],[72.72374725341803,21.665416717529354]]],[[[72.27430725097673,21.749582290649357],[72.27430725097673,21.74930572509777],[72.27458190917997,21.749309539794922],[72.27458190917997,21.74903106689453]]],[[[72.35485839843756,21.943199157714844],[72.35485839843756,21.94292068481468],[72.35514068603533,21.94292068481468],[72.35514068603533,21.94235992431635]]],[[[72.21402740478533,22.005420684814624],[72.21402740478533,22.004859924316463],[72.21375274658232,22.004861831665266],[72.21375274658232,22.004583358764876]]],[[[72.47264099121111,22.208194732666016],[72.47264099121111,22.20791435241705],[72.47319793701172,22.207920074463175],[72.47319793701172,22.20763969421381]]],[[[72.38430786132807,22.21569442749046],[72.38430786132807,22.21541595459007],[72.38540649414091,22.21541976928728],[72.38540649414091,22.215139389038086]]],[[[72.37069702148443,22.23513984680187],[72.37069702148443,22.234029769897518],[72.37040710449236,22.234029769897518],[72.37040710449236,22.233190536498967]]],[[[69.31041717529291,22.30625152587902],[69.31041717529291,22.30596923828125],[69.31069183349615,22.30597305297863],[69.31069183349615,22.305137634277287]]],[[[69.45263671875006,22.358194351196403],[69.45263671875006,22.357915878296012],[69.45319366455084,22.357915878296012],[69.45319366455084,22.35763740539545]]],[[[69.18402862548828,22.367639541626204],[69.18402862548828,22.367361068725813],[69.1848602294923,22.367361068725813],[69.1848602294923,22.367080688476847]]],[[[69.19541931152344,22.374584197998274],[69.19541931152344,22.374305725097713],[69.19596862792997,22.374309539795092],[69.19596862792997,22.37235832214361]]],[[[69.21318817138689,22.384859085083065],[69.21318817138689,22.3845806121829],[69.21402740478521,22.384582519531307],[69.21402740478521,22.384307861328068]]],[[[69.2009582519533,22.386251449585018],[69.2009582519533,22.385690689086857],[69.20069122314464,22.385694503784407],[69.20069122314464,22.384859085083065]]],[[[69.33541870117188,22.389030456543082],[69.33541870117188,22.388750076294116],[69.33598327636713,22.388750076294116],[69.3359756469726,22.388471603393725]]],[[[69.48319244384794,22.39874839782709],[69.48319244384794,22.3984699249267],[69.48374938964872,22.398471832275504],[69.48374938964872,22.39819526672369]]],[[[69.28013610839861,22.417921066284407],[69.28013610839861,22.41764068603527],[69.28041839599621,22.41764068603527],[69.28041839599621,22.417360305786303]]],[[[69.27931213378935,22.420141220092773],[69.27931213378935,22.419860839843977],[69.27958679199219,22.419860839843977],[69.27958679199219,22.41930961608898]]],[[[69.14208221435553,22.45763969421415],[69.14208221435553,22.457069396972884],[69.14180755615229,22.4570827484132],[69.14180755615229,22.455608367919922]]],[[[69.62763977050798,22.459583282470703],[69.636528015137,22.406530380249137],[69.58819580078125,22.437080383301065],[69.62763977050798,22.459583282470703]]],[[[69.30208587646501,22.474029541015852],[69.30208587646501,22.473470687866495],[69.30236053466825,22.47347259521507],[69.30236053466825,22.47319412231468]]],[[[69.13680267334013,22.477638244628906],[69.13680267334013,22.477359771728743],[69.13735961914068,22.47736167907715],[69.13735961914068,22.477083206176758]]],[[[69.08902740478533,22.490694046020735],[69.08902740478533,22.490419387817553],[69.0893020629884,22.490430831909237],[69.0893020629884,22.490140914916992]]],[[[69.3242874145509,22.52763938903837],[69.3242874145509,22.52736091613781],[69.32485961914074,22.52736091613781],[69.32485961914074,22.527080535888842]]],[[[69.94486236572283,22.53236007690458],[69.94486236572283,22.532083511352766],[69.94569396972662,22.532083511352766],[69.94569396972662,22.531805038452205]]],[[[69.4051361083985,22.532640457153377],[69.4051361083985,22.532079696655217],[69.4054183959961,22.532083511352766],[69.4054183959961,22.530971527099666]]],[[[69.95735931396513,22.535972595214844],[69.95735931396513,22.53541755676264],[69.95764160156267,22.535419464111442],[69.95764160156267,22.535142898559627]]],[[[69.96041870117216,22.54375076293951],[69.96041870117216,22.543470382690714],[69.96097564697294,22.54347229003929],[69.96097564697294,22.5431938171389]]],[[[69.95207977294939,22.551250457763786],[69.95207977294939,22.55097007751482],[69.95236206054693,22.55097389221197],[69.95236206054693,22.55069541931158]]],[[[69.91874694824224,22.553195953369084],[69.94152832031278,22.517915725708008],[69.862358093262,22.527080535888842],[69.91874694824224,22.553195953369084]]],[[[70.02430725097685,22.553195953369084],[70.02430725097685,22.552917480468693],[70.02458190917986,22.552919387817496],[70.02458190917986,22.55181121826172]]],[[[70.01125335693365,22.55375099182129],[70.01125335693365,22.55346107482916],[70.011528015137,22.5534725189209],[70.011528015137,22.553195953369084]]],[[[70.02347564697271,22.5584716796875],[70.02347564697271,22.558195114135685],[70.0240325927735,22.55820083618164],[70.0240325927735,22.557920455932845]]],[[[70.03958129882841,22.567920684814453],[70.03958129882841,22.567640304565487],[70.03985595703125,22.567640304565487],[70.03985595703125,22.56735992431669]]],[[[70.0445861816408,22.572359085083292],[70.0445861816408,22.5720806121829],[70.0448608398438,22.572082519531477],[70.0448608398438,22.571805953979492]]],[[[70.18180847167974,22.58374977111822],[70.18180847167974,22.583469390869254],[70.18208312988276,22.58347129821783],[70.18208312988276,22.583194732666016]]],[[[70.00903320312528,22.59320068359375],[70.00903320312528,22.592920303344954],[70.0095825195313,22.592920303344954],[70.0095825195313,22.592630386352482]]],[[[70.19040679931646,22.599859237670955],[70.19040679931646,22.599580764770565],[70.19069671630876,22.59958267211914],[70.19069671630876,22.599306106567326]]],[[[69.94847106933611,22.606250762939453],[69.94847106933611,22.605970382690657],[69.94875335693371,22.605972290039062],[69.94875335693371,22.605695724487248]]],[[[70.21597290039074,22.64681053161644],[70.21597290039074,22.6465301513673],[70.21624755859392,22.6465301513673],[70.21624755859392,22.646249771118164]]],[[[70.2356948852539,22.684583663940487],[70.2356948852539,22.684305191040096],[70.23596954345709,22.68431091308605],[70.23596954345709,22.684030532836914]]],[[[70.2426376342774,22.684583663940487],[70.2426376342774,22.684305191040096],[70.2437515258789,22.68431091308605],[70.2437515258789,22.683202743530273]]],[[[70.2468032836914,22.6918048858642],[70.2468032836914,22.69152641296381],[70.24736022949236,22.691528320312614],[70.24736022949236,22.691249847412223]]],[[[70.24402618408232,22.7201385498048],[70.24402618408232,22.719020843505916],[70.24430847167986,22.719030380249023],[70.24430847167986,22.717636108398494]]],[[[69.64263916015653,22.764862060546875],[69.64263916015653,22.764583587646484],[69.64402770996094,22.764583587646484],[69.64402770996094,22.764305114746094]]],[[[69.63652801513683,22.779861450195426],[69.63652801513683,22.77958488464361],[69.63680267334001,22.77958488464361],[69.63680267334001,22.779306411743278]]],[[[70.4551391601563,22.995700836181584],[70.4551391601563,22.994300842285156],[70.4548645019533,22.99430465698248],[70.4548645019533,22.991527557373217]]],[[[70.44152832031267,23.049583435058537],[70.44152832031267,23.048196792602596],[70.44125366210966,23.048196792602596],[70.44125366210966,23.04763793945324]]],[[[70.448471069336,23.05208396911621],[70.448471069336,23.051805496216048],[70.44875335693376,23.051811218261776],[70.44875335693376,23.051250457763672]]],[[[70.45236206054688,23.052360534668196],[70.45236206054688,23.05208015441906],[70.45207977294928,23.05208396911621],[70.45207977294928,23.051528930664062]]],[[[70.45903015136713,23.057640075683594],[70.45903015136713,23.057081222534407],[70.45930480957037,23.057081222534407],[70.45930480957037,23.056528091430664]]],[[[70.45207977294928,23.060695648193644],[70.45207977294928,23.060417175293082],[70.45236206054688,23.060420989990234],[70.45236206054688,23.0598602294923]]],[[[70.4695816040039,23.06125068664562],[70.4695816040039,23.060970306396484],[70.47013854980486,23.06097221374506],[70.47013854980486,23.060695648193644]]],[[[70.48236083984375,23.06541824340843],[70.48236083984375,23.064859390258903],[70.48263549804716,23.06486129760748],[70.48263549804716,23.06374931335472]]],[[[68.60901641845709,23.23125267028837],[68.60901641845709,23.23097038269043],[68.6095809936524,23.23097038269043],[68.6095809936524,23.230693817138615]]],[[[68.59430694580084,23.262083053588867],[68.59430694580084,23.26180648803711],[68.59485626220709,23.261810302734432],[68.59485626220709,23.261529922485295]]],[[[68.65847015380888,23.271249771118278],[68.65847015380888,23.27096939086914],[68.6587524414063,23.270971298217717],[68.6587524414063,23.2706947326663]]],[[[68.62874603271484,23.290140151977482],[68.62874603271484,23.28957939147972],[68.62902832031256,23.2895832061767],[68.62902832031256,23.289028167724723]]],[[[68.7051391601563,23.311809539794922],[68.7051391601563,23.31153106689453],[68.70597076416044,23.31153106689453],[68.70597076416044,23.311252593994368]]],[[[68.55819702148455,23.313751220703068],[68.61486053466814,23.271530151367244],[68.5409698486331,23.265693664550724],[68.55819702148455,23.313751220703068]]],[[[68.64263916015653,23.31402969360346],[68.64263916015653,23.313751220703068],[68.64290618896501,23.313751220703068],[68.64290618896501,23.3134708404541]]],[[[68.63263702392584,23.317640304565487],[68.63263702392584,23.317079544067383],[68.63291931152372,23.317083358764933],[68.63291931152372,23.316249847412166]]],[[[68.63986206054688,23.31847190856928],[68.63986206054688,23.318195343017692],[68.64013671875028,23.318210601806754],[68.64013671875028,23.317920684814453]]],[[[68.58847045898466,23.319030761718807],[68.58847045898466,23.31875038146967],[68.59041595459001,23.31875038146967],[68.59041595459001,23.318470001220703]]],[[[68.63181304931658,23.321250915527344],[68.63180541992205,23.320138931274414],[68.63207244873053,23.32014083862299],[68.63207244873053,23.319311141968]]],[[[68.62708282470703,23.321811676025675],[68.62708282470703,23.321529388427734],[68.62763977050798,23.321529388427734],[68.62763977050798,23.321250915527344]]],[[[68.62680816650419,23.325971603393555],[68.62680816650419,23.325693130493164],[68.62763977050798,23.325700759887923],[68.62763977050798,23.32542037963873]]],[[[68.5420761108399,23.341529846191463],[68.5420761108399,23.341249465942496],[68.54235839843767,23.341249465942496],[68.54235839843767,23.339021682739258]]],[[[68.55014038085966,23.341529846191463],[68.55014038085966,23.341249465942496],[68.55042266845709,23.341249465942496],[68.55041503906256,23.340974807739315]]],[[[68.55680847167997,23.34181022644043],[68.55680847167997,23.341670989990348],[68.55680847167997,23.341527938842887],[68.55625152587885,23.341529846191463]]],[[[68.50597381591803,23.342361450195256],[68.50597381591803,23.34208488464367],[68.50624847412138,23.342090606689624],[68.50624847412138,23.341529846191463]]],[[[68.52513885498075,23.344030380248967],[68.52513885498075,23.34375],[68.52902984619158,23.34375],[68.52902984619158,23.343469619751204]]],[[[68.5637512207033,23.34486198425293],[68.5637512207033,23.344583511352766],[68.56430816650408,23.344583511352766],[68.56430816650408,23.34430694580078]]],[[[68.6315307617188,23.35180473327665],[68.6315307617188,23.351528167724837],[68.63181304931658,23.351530075073242],[68.63181304931658,23.350961685180778]]],[[[68.47319793701178,23.35680961608881],[68.47319793701178,23.35653114318842],[68.47347259521479,23.35653114318842],[68.47347259521479,23.356250762939453]]],[[[68.57347106933611,23.360418319702262],[68.57347106933611,23.360130310058594],[68.57375335693388,23.3601398468017],[68.57375335693388,23.35986137390131]]],[[[68.59791564941412,23.360971450805664],[68.59791564941412,23.360694885254077],[68.5990295410158,23.360694885254077],[68.5990295410158,23.360416412353516]]],[[[68.58902740478544,23.37431144714384],[68.58902740478544,23.3740291595459],[68.58957672119152,23.3740291595459],[68.58957672119152,23.373750686645508]]],[[[68.54070281982428,23.377639770507756],[68.54069519042974,23.377361297607365],[68.5409698486331,23.377361297607365],[68.5409698486331,23.377082824706974]]],[[[68.50291442871094,23.383472442626896],[68.50291442871094,23.38319587707531],[68.50319671630888,23.38319587707531],[68.50319671630888,23.382638931274528]]],[[[68.50458526611345,23.38458251953125],[68.50458526611345,23.38430786132824],[68.50485992431646,23.38430786132824],[68.50485992431646,23.383750915527287]]],[[[68.53624725341814,23.385419845580998],[68.53624725341814,23.384580612182674],[68.53652954101568,23.38458251953125],[68.53652954101568,23.383750915527287]]],[[[68.57930755615263,23.385419845580998],[68.57930755615263,23.38513946533203],[68.58013916015642,23.38513946533203],[68.58013916015642,23.38486099243164]]],[[[68.53514099121111,23.38763809204113],[68.53514099121111,23.387069702148665],[68.53485870361357,23.38708305358915],[68.53485870361357,23.38652992248535]]],[[[68.55401611328142,23.40403175354021],[68.55401611328142,23.40374946594244],[68.55652618408209,23.40374946594244],[68.55652618408209,23.403190612793082]]],[[[68.53736114501982,23.40486145019537],[68.53736114501982,23.404581069946232],[68.54165649414068,23.404581069946232],[68.54208374023449,23.404581069946232]]],[[[68.46098327636724,23.405141830444563],[68.46098327636724,23.404859542846793],[68.46125030517607,23.40486145019537],[68.46125030517607,23.404581069946232]]],[[[68.52347564697283,23.404581069946232],[68.52347564697283,23.404027938843],[68.52458190917997,23.40403175354021],[68.52458190917997,23.403469085693473]]],[[[68.47097015380888,23.40570068359392],[68.47097015380888,23.40542984008789],[68.47235870361345,23.40542984008789],[68.47235870361345,23.404859542846793]]],[[[68.42986297607422,23.407085418701286],[68.42986297607422,23.406803131103516],[68.43096923828142,23.406810760498274],[68.43096923828142,23.40653038024908]]],[[[68.46319580078142,23.409030914306584],[68.46319580078142,23.406810760498274],[68.46347045898443,23.406810760498274],[68.46347045898443,23.40625]]],[[[68.40902709960955,23.409309387206974],[68.40902709960955,23.409030914306584],[68.4092864990235,23.409030914306584],[68.40930938720709,23.40847015380865]]],[[[68.55764007568376,23.408750534057617],[68.55764007568376,23.408180236816577],[68.55735778808622,23.40819549560547],[68.55735778808622,23.407638549804688]]],[[[68.4145812988283,23.40986061096197],[68.4145812988283,23.409580230713004],[68.4148635864259,23.40958595275879],[68.4148635864259,23.409305572509822]]],[[[68.46069335937494,23.412639617919865],[68.46069335937494,23.412361145019474],[68.46180725097685,23.412361145019474],[68.46180725097685,23.412080764770508]]],[[[68.549575805664,23.41374969482422],[68.549575805664,23.41319084167486],[68.54930877685553,23.41319465637224],[68.54930877685553,23.41291618347168]]],[[[68.40042114257807,23.421249389648494],[68.40041351318388,23.420974731445312],[68.4006958007813,23.420974731445312],[68.4006958007813,23.420415878295955]]],[[[68.40208435058605,23.423196792602766],[68.40208435058605,23.422639846801815],[68.40235900878923,23.422639846801815],[68.40235900878923,23.421810150146428]]],[[[68.39986419677734,23.428472518921183],[68.39986419677734,23.428194046020792],[68.40013885498053,23.428194046020792],[68.40013885498053,23.427917480468977]]],[[[68.50180816650396,23.432081222534237],[68.50180816650396,23.431249618530273],[68.50152587890625,23.431249618530273],[68.50152587890625,23.430690765380916]]],[[[68.51680755615251,23.43292045593256],[68.51680755615251,23.432640075683594],[68.51708221435553,23.432640075683594],[68.51708221435553,23.431531906128214]]],[[[68.50068664550787,23.43625068664545],[68.50068664550787,23.435970306396484],[68.50096893310564,23.43597221374506],[68.50096893310564,23.435417175293082]]],[[[68.50125122070318,23.443750381469727],[68.50125122070318,23.443471908569336],[68.50208282470697,23.443471908569336],[68.50208282470697,23.443195343017578]]],[[[68.50125122070318,23.453479766845874],[68.50125122070318,23.452920913696516],[68.50152587890625,23.452920913696516],[68.50152587890625,23.452360153198185]]],[[[68.50681304931669,23.45654106140148],[68.50681304931669,23.456249237060604],[68.50708007812517,23.456249237060604],[68.50708007812517,23.455970764160213]]],[[[68.40791320800798,23.45792007446289],[68.40791320800798,23.457359313964957],[68.40820312500028,23.457359313964957],[68.40819549560575,23.45708274841337]]],[[[68.49903106689447,23.475973129272745],[68.49903106689447,23.475414276123217],[68.49931335449224,23.475419998168945],[68.49931335449224,23.474029541015625]]],[[[68.47286224365263,23.480419158935547],[68.48458099365251,23.403190612793082],[68.47458648681669,23.45986366271984],[68.42124938964861,23.420141220092717],[68.47286224365263,23.480419158935547]]],[[[68.49846649169916,23.48903083801298],[68.49846649169916,23.48847007751465],[68.49819183349615,23.488473892212028],[68.49819183349615,23.487916946411246]]],[[[68.50653076171892,23.492649078369368],[68.50653076171892,23.492361068725643],[68.50736236572271,23.492361068725643],[68.50736236572271,23.492080688476506]]],[[[68.510971069336,23.492649078369368],[68.510971069336,23.492361068725643],[68.51152801513678,23.492361068725643],[68.51152801513678,23.49125099182129]]],[[[68.48680877685575,23.495418548583928],[68.48680877685575,23.49513816833496],[68.48707580566423,23.49513816833496],[68.48707580566423,23.49485969543457]]],[[[68.46652984619146,23.49792289733898],[68.46652984619146,23.497642517090014],[68.46708679199224,23.497642517090014],[68.46708679199224,23.497360229492244]]],[[[68.4373626708985,23.500419616699276],[68.4373626708985,23.500141143799112],[68.43791961669928,23.500141143799112],[68.43791961669928,23.499860763549748]]],[[[68.48069763183622,23.501251220703068],[68.48069763183622,23.5009708404541],[68.48124694824247,23.50097465515148],[68.48124694824247,23.50069236755371]]],[[[68.46791839599638,23.524032592773494],[68.46791839599638,23.523202896118278],[68.46819305419939,23.523202896118278],[68.46819305419939,23.52292251586914]]],[[[68.47513580322277,23.528760910034407],[68.47513580322277,23.528470993041935],[68.47597503662126,23.528474807739485],[68.47597503662126,23.52791404724138]]],[[[68.47347259521479,23.537082672119368],[68.47347259521479,23.536527633666992],[68.47374725341803,23.536529541015568],[68.47374725341803,23.5362491607666]]],[[[68.4823608398438,23.550422668457145],[68.4823608398438,23.54986190795921],[68.48263549804682,23.54986190795921],[68.48263549804682,23.54958343505882]]],[[[68.4793090820313,23.555419921874943],[68.4793090820313,23.554861068725586],[68.47957611083979,23.554861068725586],[68.47957611083979,23.554309844970987]]],[[[68.22347259521501,23.586250305175838],[68.22347259521501,23.5859699249267],[68.22569274902372,23.585971832275675],[68.22569274902372,23.58569526672386]]],[[[68.25514221191423,23.590139389038086],[68.25514221191423,23.589860916137695],[68.25541687011747,23.589860916137695],[68.25541687011747,23.589029312133732]]],[[[68.2162475585938,23.59124946594244],[68.2162475585938,23.590690612792912],[68.21652984619169,23.59069442749029],[68.21652984619169,23.590139389038086]]],[[[68.4820861816408,23.596809387206974],[68.4820861816408,23.59653091430681],[68.4823608398438,23.59653091430681],[68.4823608398438,23.596250534057617]]],[[[68.4584732055664,23.600418090820256],[68.4584732055664,23.600139617919865],[68.4615325927735,23.600139617919865],[68.4615249633789,23.599861145019474]]],[[[68.4820861816408,23.60653114318876],[68.4820861816408,23.60642051696783],[68.4820861816408,23.606250762939396],[68.48227691650408,23.606250762939396]]],[[[68.45625305175793,23.624860763549805],[68.45625305175793,23.624580383300838],[68.45708465576172,23.624584197998047],[68.45708465576172,23.624307632446232]]],[[[68.48458099365251,23.62791824340826],[68.48458099365251,23.62763977050787],[68.48680877685575,23.62763977050787],[68.48680877685575,23.627359390258732]]],[[[68.4779129028322,23.722360610961857],[68.4779129028322,23.722078323364485],[68.47902679443376,23.72208404541027],[68.47902679443376,23.72180557250988]]],[[[68.44957733154308,23.73233985900879],[68.44958496093778,23.731525421142692],[68.4498596191408,23.731531143188647],[68.4498596191408,23.731809616089038]]],[[[68.4673614501956,23.739860534667912],[68.4673614501956,23.739580154418945],[68.46791839599638,23.73958206176775],[68.46791839599638,23.739305496215934]]],[[[68.48680877685575,23.74597167968767],[68.48680877685575,23.745136260986328],[68.48652648925787,23.745140075683878],[68.48652648925787,23.743190765380803]]],[[[68.21652984619169,23.7793102264406],[68.21652984619169,23.77874946594244],[68.21736145019548,23.77874946594244],[68.21736145019548,23.778480529785384]]],[[[68.34931182861322,23.800140380859546],[68.34931182861322,23.799030303955362],[68.34902954101568,23.799030303955362],[68.34902954101568,23.793191909790266]]],[[[68.35846710205072,23.80513954162592],[68.42624664306646,23.794860839843977],[68.39041900634771,23.654306411743164],[68.31485748291021,23.583196640014762],[68.30680847167986,23.630701065063533],[68.19708251953153,23.59708595275879],[68.20458221435564,23.647640228271428],[68.31181335449224,23.65014076232933],[68.23124694824213,23.642915725708235],[68.35846710205072,23.80513954162592]]],[[[68.60514068603533,23.80958557128912],[68.60514068603533,23.809303283691577],[68.60569763183611,23.809310913085938],[68.60569763183611,23.808750152588175]]],[[[68.59652709960955,23.812641143799],[68.59652709960955,23.812080383300838],[68.59625244140636,23.812084197998047],[68.59625244140636,23.811807632446232]]],[[[68.30790710449247,23.823749542236328],[68.30790710449247,23.823471069336165],[68.30958557128935,23.823474884033317],[68.30958557128935,23.823196411132756]]],[[[68.49652862548857,23.830972671508846],[68.51680755615251,23.754579544067326],[68.4373626708985,23.73931121826172],[68.49652862548857,23.830972671508846]]],[[[68.70707702636747,23.851249694824162],[68.70707702636747,23.850971221924],[68.70874786376959,23.850973129272575],[68.70874786376959,23.85069656372076]]],[[[68.69930267333979,23.853200912475813],[68.69930267333979,23.852920532226676],[68.70014190673834,23.852920532226676],[68.70014190673834,23.85264015197771]]],[[[68.53320312500017,23.873750686645792],[68.53319549560564,23.872638702392635],[68.53347015380865,23.87264060974144],[68.53347015380865,23.87236022949247]]],[[[68.39569091796892,23.878196716308594],[68.42652893066435,23.81042098999029],[68.3301391601563,23.787361145019702],[68.39569091796892,23.878196716308594]]],[[[68.24819183349638,23.88042068481451],[68.24819183349638,23.880140304565714],[68.24931335449247,23.880140304565714],[68.24931335449247,23.87985992431635]]],[[[68.44930267334001,23.938472747802848],[68.44209289550787,23.870422363281477],[68.34986114501982,23.846250534057788],[68.44930267334001,23.938472747802848]]],[[[68.53541564941435,23.945972442626953],[68.58875274658209,23.91681098938011],[68.51708221435553,23.856527328491154],[68.53541564941435,23.945972442626953]]],[[[68.52569580078153,23.949529647827376],[68.52569580078153,23.949306488037166],[68.52597045898455,23.94930076599121],[68.52597045898455,23.948472976684798]]],[[[68.4820861816408,23.992639541626147],[68.51847076416044,23.92430496215843],[68.4434661865235,23.848470687866495],[68.4820861816408,23.992639541626147]]],[[[68.43013763427763,23.995420455932617],[68.23792266845697,23.681249618530217],[68.21291351318388,23.834583282470703],[68.2873611450197,23.839307785034237],[68.27708435058594,23.914861679077262],[68.43013763427763,23.995420455932617]]],[[[72.10186004638689,24.643339157104492],[72.35378265380854,24.61810111999523],[72.2509994506836,24.580160140991325],[72.44248962402344,24.504249572753963],[72.46467590332037,24.40711975097662],[72.54457855224626,24.506851196289062],[72.69725036621105,24.45721054077171],[72.73253631591808,24.361270904541243],[72.92391204833984,24.326322555541935],[72.9914627075197,24.363971710205135],[73.01278686523438,24.482400894165153],[73.09892272949224,24.491491317748967],[73.08496093750006,24.39447021484375],[73.23147583007818,24.364660263061467],[73.08268737792974,24.184980392455998],[73.2238159179688,24.098220825195426],[73.24582672119169,24.010709762573242],[73.37346649169922,24.12813949584961],[73.42468261718756,23.931060791015682],[73.3626480102539,23.78742980957037],[73.50853729248064,23.70333099365257],[73.51348876953142,23.616811752319336],[73.66073608398455,23.62290191650402],[73.6327514648438,23.452392578125114],[73.83213043212919,23.446750640869254],[73.894271850586,23.337139129638672],[73.96247100830095,23.381389617919922],[74.10658264160168,23.294122695922965],[74.12702178955107,23.178850173950252],[74.24603271484403,23.188259124756087],[74.36202239990263,22.933090209960938],[74.45147705078153,22.923999786376953],[74.47891998291044,22.858640670776367],[74.38108825683622,22.638639450073356],[74.26535797119158,22.64483070373541],[74.15332031250011,22.517419815063533],[74.04463958740263,22.542121887207088],[74.1230010986331,22.420810699463004],[74.19082641601568,22.477880477905387],[74.29418182373064,22.394468307495345],[74.19106292724615,22.321929931640568],[74.07198333740251,22.360240936279297],[74.07578277587908,22.22187805175787],[74.18070983886719,22.08660125732422],[74.09770202636736,22.01545906066889],[74.14890289306646,21.96071052551281],[73.81051635742193,21.823337554931697],[73.89810180664068,21.66727066040039],[73.78761291503912,21.625049591064567],[73.86078643798822,21.49582290649414],[74.30996704101557,21.567321777343807],[74.32772064208984,21.49575042724615],[74.06716156005854,21.481931686401367],[74.0485458374024,21.419429779052848],[73.9528427124024,21.40237045288086],[73.94848632812528,21.29755020141613],[73.83213806152372,21.2674503326416],[73.82254791259771,21.171920776367244],[73.58830261230474,21.167900085449446],[73.75260925292997,21.11408996582037],[73.77485656738287,21.01045036315918],[73.90644836425787,20.98315048217779],[73.94953155517595,20.7423095703125],[73.82264709472656,20.693820953369368],[73.83828735351562,20.61576080322277],[73.67070770263678,20.5623397827149],[73.45369720458996,20.71047019958519],[73.40273284912115,20.642599105835075],[73.50074005126953,20.540241241455078],[73.39134979248075,20.390199661254996],[73.42991638183588,20.206230163574276],[73.31114959716797,20.207210540771484],[73.25946807861334,20.1246395111084],[73.18017578125006,20.208608627319336],[73.07244873046903,20.163450241088924],[73.1795425415039,20.28986167907715],[73.10737609863276,20.360710144043196],[72.92459106445318,20.278659820556754],[72.96924591064482,20.210910797119197],[72.8745422363283,20.225809097289982],[72.83534240722668,20.144641876220703],[72.73764038085943,20.13653945922863],[72.7756958007812,20.333471298217717],[72.87552642822271,20.38105010986328],[72.83657073974626,20.428390502929915],[72.88957977294939,20.748195648193416],[72.7520828247072,20.94652938842779],[72.72069549560553,21.1431941986084],[72.6670761108399,21.155418395996094],[72.62708282470732,21.075969696044922],[72.65319824218778,21.226804733276424],[72.58735656738287,21.275688171386776],[72.69680786132818,21.4645805358889],[72.64514160156256,21.433750152588004],[72.67402648925776,21.52042007446289],[72.74236297607439,21.550140380859432],[72.62568664550787,21.492359161376953],[72.59735870361322,21.55236053466797],[72.62930297851568,21.617650985717887],[72.83513641357428,21.66792106628418],[72.53763580322294,21.664304733276424],[72.56986236572294,21.824308395385742],[72.50235748291044,21.955141067504996],[72.582084655762,22.200971603393555],[72.75763702392578,22.174028396606445],[72.91596984863287,22.278194427490234],[72.7520828247072,22.23097038269043],[72.54264068603533,22.280971527099894],[72.48596954345697,22.197359085083065],[72.36180877685547,22.37566947937006],[72.41652679443388,22.227361679077376],[72.35624694824247,22.271249771118107],[72.39152526855497,22.16791534423851],[72.35764312744158,22.192920684814624],[72.34349060058588,22.124860763549748],[72.29430389404314,22.202362060547046],[72.2784729003908,21.932079315185774],[72.24153137207037,22.049583435058764],[72.30014038085966,22.108749389648438],[72.23263549804716,22.017639160156307],[72.17236328125028,22.041530609131087],[72.22097015380865,21.956251144409123],[72.14653015136724,21.983472824096964],[72.25319671630865,21.897361755371037],[72.26457977294939,21.74041748046875],[72.18291473388689,21.823749542236385],[72.30596923828142,21.628469467163313],[72.22319793701172,21.438749313354606],[72.07597351074224,21.30208396911621],[72.11374664306646,21.19652748107933],[71.05041503906256,20.730970382690373],[70.87347412109403,20.709861755371264],[70.92041778564447,20.736806869506893],[70.84358215332048,20.76038932800293],[70.89617919921903,20.824792861938704],[70.81696319580084,20.851200103759822],[70.90023803710955,20.885700225830305],[70.88698577880871,20.945209503174055],[70.73551177978521,20.98983192443859],[70.66625213623053,20.752359390258846],[70.09958648681646,21.104581832885856],[69.71290588378923,21.528470993041992],[69.76431274414074,21.57875061035162],[69.73764038085966,21.65041923522955],[69.67569732666033,21.63875007629406],[69.69680786132841,21.592920303344783],[69.63263702392578,21.642919540405273],[69.71069335937506,21.539306640625114],[69.58763885498053,21.620969772338867],[68.93597412109403,22.310138702392635],[69.06735992431646,22.480140686035213],[69.06930541992216,22.395694732666016],[69.19403076171903,22.423749923706225],[69.15791320800787,22.312915802001953],[69.23263549804705,22.25791740417486],[69.48847198486334,22.33791732788086],[69.49819183349615,22.435693740844727],[69.57569122314482,22.319030761718864],[69.72820281982428,22.47375106811529],[69.79763793945318,22.399858474731445],[69.83430480957037,22.500694274902344],[69.87014007568365,22.44652938842802],[69.9762496948245,22.5431938171389],[70.16291809082037,22.551530838012923],[70.4934692382813,23.07513999938965],[70.34764099121088,22.93041610717802],[70.1979141235351,22.998472213745117],[70.21985626220703,22.956529617309684],[70.12319183349626,22.960695266723746],[70.15319824218756,23.029581069946403],[70.09097290039062,22.952640533447266],[70.13208007812528,22.924581527710075],[69.79846954345732,22.850694656372013],[69.7051391601563,22.72791671752924],[69.63375091552751,22.795419692993164],[69.46958160400396,22.77374839782715],[69.19069671630876,22.84124946594244],[68.65902709960966,23.149860382080078],[68.58541870117216,23.234584808349837],[68.63069152832048,23.21319389343256],[68.6718063354495,23.270139694213924],[68.63014221191412,23.29569435119646],[68.75818634033214,23.33041954040533],[68.65013885498064,23.30430793762207],[68.49180603027361,23.5009708404541],[68.49680328369158,23.652919769287394],[68.76125335693388,23.874870300293082],[68.60375213623041,23.850139617920206],[68.52513885498075,23.759025573730696],[68.51513671875006,23.824861526489485],[68.6631927490235,23.91736030578636],[68.54680633544928,23.963193893432617],[68.74924468994169,23.96204566955572],[68.77265167236334,24.294136047363224],[68.82635498046892,24.3083953857423],[68.88754272460966,24.195850372314453],[68.94724273681669,24.276626586914062],[69.00053405761736,24.22587966918951],[69.60067749023466,24.27784729003912],[69.72457885742193,24.175096511840877],[70.00064086914091,24.166395187378157],[70.11904144287115,24.29069900512718],[70.57486724853516,24.42031478881853],[70.5742492675783,24.2523326873781],[70.80576324462919,24.22272682189964],[71.13176727294939,24.401800155639933],[71.00756835937528,24.442241668701115],[70.99826812744158,24.541339874267635],[71.10713958740229,24.68065071105957],[71.2977371215822,24.607641220092717],[71.5369720458985,24.678920745849723],[71.66156005859386,24.63326072692871],[71.79898834228533,24.670520782470817],[71.85839080810558,24.60416984558117],[71.87647247314459,24.675159454345703],[71.94419097900396,24.626779556274528],[72.052490234375,24.705789566039982],[72.10186004638689,24.643339157104492]]]]}},{"type":"Feature","properties":{"name":"Haryana"},"geometry":{"type":"Polygon","coordinates":[[[76.83715057373058,30.878871917724837],[76.9021606445313,30.89722824096691],[77.01309967041033,30.742208480835075],[77.1535263061524,30.688720703125],[77.11149597167969,30.56728935241705],[77.20260620117216,30.4803409576416],[77.40061187744169,30.418750762939453],[77.45053863525396,30.46523094177269],[77.43495178222685,30.403671264648665],[77.5098495483399,30.448829650878906],[77.59201812744146,30.370861053466797],[77.4144287109375,30.10713005065918],[77.27040863037126,30.048339843750057],[77.11704254150408,29.770900726318587],[77.12204742431646,29.10576820373558],[77.22119140625017,28.904132843017578],[76.94230651855469,28.820680618286417],[76.93390655517572,28.63764953613304],[76.83291625976568,28.582508087158317],[76.8793716430664,28.509050369262695],[77.07247924804693,28.52028083801281],[77.16577148437506,28.40846061706543],[77.33447265625017,28.5110893249514],[77.47455596923834,28.413511276245174],[77.46481323242193,28.27742958068859],[77.53878021240251,28.254409790039233],[77.48912048339872,28.211990356445426],[77.54236602783203,28.181659698486328],[77.46887207031278,28.086011886596737],[77.53613281250006,27.9493026733399],[77.23455810546892,27.78581047058117],[77.03827667236345,27.820041656494197],[77.07921600341825,27.738410949707145],[76.99353790283209,27.741701126098746],[76.97049713134794,27.65714263916027],[76.88092041015642,27.69936943054222],[76.96176147460938,28.144010543823356],[76.8636322021485,28.224639892578125],[76.53819274902344,27.97054100036621],[76.53852081298828,28.039119720458928],[76.45372772216803,28.049669265747298],[76.49765777587919,28.06473159790039],[76.47099304199213,28.154741287231502],[76.28885650634766,28.182672500610636],[76.35560607910156,28.128450393676815],[76.29740142822294,28.10104942321783],[76.33679962158209,28.029661178588867],[76.17733764648443,28.059259414672965],[76.21382904052746,28.03168106079096],[76.15493774414057,27.9989910125733],[76.22328186035173,27.840930938720817],[75.96308135986328,27.864730834960938],[75.92362213134783,27.933090209960994],[76.035629272461,28.073980331421126],[75.93608856201178,28.093530654907454],[76.02774810791033,28.172721862792912],[76.09288787841803,28.155218124389705],[75.92237854003918,28.368909835815543],[75.77031707763678,28.407619476318303],[75.77822875976591,28.457611083984432],[75.55570983886736,28.614591598511026],[75.46707916259771,28.926250457763672],[75.51110076904303,29.010829925537337],[75.43473815917969,29.016540527343693],[75.36115264892595,29.14262008667015],[75.39570617675787,29.261940002441463],[75.07807922363298,29.232450485229663],[74.84113311767607,29.404069900512923],[74.59577941894537,29.328311920166016],[74.529106140137,29.449539184570312],[74.61440277099626,29.527111053466854],[74.5665359497072,29.56349945068365],[74.6054000854495,29.752880096435547],[74.47200012207037,29.744029998779354],[74.46526336669939,29.787549972534407],[74.55356597900408,29.865640640259016],[74.524642944336,29.951560974121094],[74.64697265625028,29.904670715332088],[74.80117797851568,29.992572784423942],[74.9899291992187,29.85646057128912],[75.0848007202149,29.915140151977482],[75.09017944335943,29.806661605835075],[75.15405273437506,29.78101921081543],[75.18234252929716,29.838701248169116],[75.23097991943388,29.75206756591797],[75.15783691406267,29.662710189819336],[75.22348022460943,29.546171188354492],[75.29606628417963,29.56808090209961],[75.44426727294916,29.807849884033374],[75.56878662109403,29.74262046813959],[75.77162170410173,29.825389862060547],[75.87928009033214,29.7470703125],[76.04148101806658,29.748781204223746],[76.24201202392584,29.869028091430835],[76.16629028320318,29.9286594390872],[76.25499725341803,30.104579925537053],[76.20387268066412,30.158901214599723],[76.32289886474615,30.108221054077262],[76.41020202636736,30.202289581299],[76.45208740234403,30.100709915161246],[76.60105133056669,30.08023071289074],[76.63891601562506,30.205940246582315],[76.54763793945341,30.26492118835455],[76.71515655517595,30.332910537719727],[76.75786590576172,30.438890457153263],[76.88022613525396,30.35970115661621],[76.93026733398466,30.39258956909174],[76.91342926025396,30.599702835083008],[76.81881713867193,30.66059112548851],[76.84678649902361,30.792520523071232],[76.76254272460943,30.893409729003906],[76.81018829345709,30.93037986755371],[76.83715057373058,30.878871917724837]]]}},{"type":"Feature","properties":{"name":"Himachal Pradesh"},"geometry":{"type":"Polygon","coordinates":[[[76.80275726318365,33.23666000366211],[76.91751098632812,33.03367996215849],[77.13639068603521,32.980461120605526],[77.14618682861322,32.914020538330305],[77.32789611816412,32.81988143920893],[77.71248626708979,32.97180175781244],[77.7901687622072,32.90542984008812],[77.76142883300787,32.864830017089844],[77.91513061523443,32.76605987548828],[77.9825592041015,32.5865287780764],[78.37135314941412,32.76182937622076],[78.38881683349638,32.62322998046881],[78.27851867675787,32.50793075561529],[78.43839263916044,32.505352020263786],[78.51876068115251,32.41849899292015],[78.43920898437517,32.2464599609375],[78.5929107666015,32.218669891357706],[78.59733581542986,32.12203216552746],[78.77102661132841,31.999811172485465],[78.69135284423828,31.79335021972679],[78.83109283447277,31.61526107788086],[78.70664215087908,31.51839256286621],[78.99658203125006,31.115339279174748],[78.87139892578125,31.107320785522404],[78.79503631591808,31.205039978027344],[78.47010803222673,31.203750610351562],[78.35632324218756,31.290870666503906],[77.88748931884771,31.154701232910156],[77.80060577392572,31.06208038330101],[77.81714630126964,30.953569412231502],[77.7345733642581,30.959569931030273],[77.78936767578125,30.858549118042106],[77.7445220947265,30.881191253662166],[77.68828582763689,30.76866912841797],[77.77905273437494,30.663770675659407],[77.72952270507812,30.5983829498291],[77.81064605712896,30.533180236816634],[77.56534576416021,30.384889602661246],[77.5098495483399,30.448829650878906],[77.41644287109403,30.408391952514876],[77.45053863525396,30.46523094177269],[77.40061187744169,30.418750762939453],[77.12233734130888,30.548231124878043],[77.1535263061524,30.688720703125],[77.01309967041033,30.742208480835075],[76.9021606445313,30.89722824096691],[76.85243225097685,30.870689392089844],[76.61006927490251,31.004230499267692],[76.63414764404303,31.21533966064453],[76.5705032348634,31.280149459838867],[76.43113708496094,31.282840728759822],[76.36313629150396,31.44135093688982],[76.29609680175781,31.31920051574707],[76.17282867431669,31.306739807129077],[75.89454650878935,31.949800491333235],[75.57875823974626,32.08168029785156],[75.6618270874024,32.16466903686535],[75.62254333496105,32.23468017578125],[75.93463134765653,32.4247589111331],[75.85096740722673,32.507869720458984],[75.91248321533232,32.757122039795036],[75.78742218017595,32.89332199096674],[75.98741912841808,32.90058135986351],[76.39167785644548,33.186691284179744],[76.62700653076166,33.162479400634766],[76.80275726318365,33.23666000366211]]]}},{"type":"Feature","properties":{"name":"Jammu and Kashmir"},"geometry":{"type":"Polygon","coordinates":[[[77.89956665039091,35.4278945922851],[78.10983276367205,35.476768493652344],[77.99185180664074,35.3485488891601],[78.12417602539068,35.135421752929915],[78.08287048339872,35.082489013671875],[78.24803161621122,34.69509887695307],[78.42511749267595,34.60346221923851],[78.56933593750006,34.611949920654524],[78.98146057128906,34.33285140991211],[78.95619964599615,34.217830657959155],[78.70638275146513,34.072181701660156],[78.7703628540039,34.01972961425781],[78.71156311035156,33.92250061035162],[78.783988952637,33.77043151855469],[78.71098327636713,33.654869079589844],[79.07496643066406,33.228610992431925],[79.40983581542963,33.17877197265625],[79.35247039794939,32.979030609130916],[79.54052734375017,32.748691558838004],[79.54535675048834,32.60736083984392],[79.31221771240251,32.48709106445324],[79.20295715332037,32.510829925537166],[79.10446929931635,32.371711730957145],[78.97720336914091,32.34276962280296],[78.78118133544922,32.475299835205135],[78.74592590332048,32.696079254150675],[78.31040954589872,32.475929260253906],[78.29662322998053,32.577510833740405],[78.38881683349638,32.62322998046881],[78.37135314941412,32.76182937622076],[77.9825592041015,32.5865287780764],[77.91513061523443,32.76605987548828],[77.76142883300787,32.864830017089844],[77.7901687622072,32.90542984008812],[77.71248626708979,32.97180175781244],[77.32789611816412,32.81988143920893],[77.14618682861322,32.914020538330305],[77.13639068603521,32.980461120605526],[76.91751098632812,33.03367996215849],[76.77826690673822,33.255710601806584],[76.7298660278322,33.1794319152832],[76.39167785644548,33.186691284179744],[76.23728942871105,33.032588958740234],[76.09368896484403,33.00482940673828],[75.94577026367188,32.88513946533209],[75.80795288085966,32.92979049682617],[75.92362213134783,32.64369964599621],[75.80433654785185,32.48706054687523],[75.54515075683622,32.36082077026367],[75.4989471435548,32.27532958984381],[75.47223663330084,32.34004974365246],[75.32232666015636,32.337326049804915],[75.07160949707048,32.48296356201172],[74.69841766357428,32.48493957519537],[74.64221191406278,32.61104965209961],[74.69702148437517,32.839714050293026],[74.53153228759771,32.74073028564476],[74.4138946533206,32.90394973754894],[74.31803131103533,32.91970062255871],[74.34983062744135,33.016250610351506],[74.20524597167963,33.04330062866211],[74.01427459716808,33.19824981689453],[74.17074584960938,33.346649169922046],[74.18707275390636,33.45552062988281],[74.02844238281244,33.57468032836914],[73.95625305175787,33.72029113769531],[74.21967315673834,33.86717605590832],[74.26274108886724,33.97428894042997],[74.21467590332037,34.03855514526367],[73.88321685791021,34.04994964599632],[73.9762268066408,34.264808654785156],[73.89940643310553,34.359813690185604],[73.76432037353533,34.371070861816406],[73.94806671142584,34.573089599609375],[73.96022033691406,34.69668197631847],[74.14179229736345,34.691200256347884],[74.375541687012,34.803443908691406],[74.70300292968756,34.69308090209972],[75.24971008300776,34.647312164306584],[75.37782287597662,34.55242156982416],[75.74920654296903,34.515830993652344],[76.03646087646513,34.67026901245117],[76.15791320800787,34.64340972900385],[76.47434234619146,34.79437255859398],[76.68181610107422,34.75959014892578],[76.74936676025396,34.92660140991228],[76.99748992919928,34.939151763916016],[77.01809692382818,35.03846359252941],[77.15682220458996,35.05469894409191],[77.82392883300798,35.50133132934593],[77.89956665039091,35.4278945922851]]]}},{"type":"Feature","properties":{"name":"Jharkhand"},"geometry":{"type":"Polygon","coordinates":[[[87.59989166259771,25.314662933349553],[87.78330993652361,25.2461776733399],[87.77652740478521,25.091270446777344],[87.97334289550787,24.896482467651367],[87.81806182861328,24.765981674194336],[87.90083312988298,24.72159957885748],[87.90997314453142,24.593868255615178],[87.76940917968767,24.581760406494368],[87.81002044677751,24.406620025634766],[87.63571166992205,24.242530822753963],[87.68956756591803,24.14983940124523],[87.56938171386724,24.155651092529354],[87.57615661621094,24.08526039123541],[87.49359893798845,24.115209579467773],[87.4579696655274,23.981420516967887],[87.2379760742187,24.04121971130371],[87.29454803466803,23.898571014404354],[87.24822235107433,23.90701103210455],[87.242729187012,23.826160430908146],[87.13092803955107,23.866960525512695],[87.12416076660173,23.7950382232666],[86.89501190185575,23.87995147705101],[86.88226318359375,23.814479827880973],[86.79283905029314,23.83138084411621],[86.79203796386713,23.687370300293082],[86.43988037109386,23.62961006164562],[86.30000305175781,23.420061111450195],[86.04686737060564,23.58386993408203],[86.04722595214844,23.493642807006893],[85.85954284667969,23.450950622558594],[85.8956909179688,23.37059020996088],[85.83155822753906,23.195119857788086],[85.9149932861331,23.129529953002987],[86.03692626953125,23.143610000610465],[86.21247863769537,22.99184989929222],[86.540283203125,22.987230300903434],[86.43282318115246,22.923402786254883],[86.41615295410173,22.776508331298942],[86.61786651611357,22.673389434814453],[86.65170288085955,22.57579040527338],[86.75994110107433,22.572429656982536],[86.79801177978516,22.483989715576172],[86.75148010253912,22.45067977905296],[86.84393310546875,22.396060943603516],[86.8856811523437,22.25212097167963],[86.747802734375,22.20798110961914],[86.49994659423834,22.34095191955572],[86.43335723876959,22.301540374755916],[86.03849029541033,22.563589096069336],[85.95350646972668,22.455972671509016],[86.04328918457037,22.306190490722713],[85.96978759765625,22.24340057373047],[86.0267181396485,22.185222625732536],[85.90542602539068,21.96663093566889],[85.76074981689453,21.989719390869254],[85.80204772949224,22.110830307006893],[85.6815032958985,22.04878044128418],[85.39443969726568,22.158599853515682],[85.230941772461,22.00027084350586],[85.09543609619169,22.099451065063477],[84.97982025146513,22.08468055725109],[85.11445617675787,22.290489196777344],[85.06249237060564,22.478410720825195],[84.28922271728516,22.337320327758846],[84.00250244140653,22.520860671997184],[84.08039093017595,22.63655090332054],[84.22061157226562,22.668910980224666],[84.38905334472662,22.938739776611328],[84.189926147461,23.023719787597713],[84.14800262451178,22.963869094848633],[84.12937927246088,23.08154106140148],[84.03367614746111,23.13844108581543],[84.0702514648437,23.329990386962947],[83.96582794189459,23.381210327148494],[84.00702667236334,23.632310867309684],[83.9378890991211,23.6224308013916],[83.93525695800798,23.563039779663086],[83.774887084961,23.599500656127987],[83.69538879394537,23.82066917419428],[83.56121063232439,23.86295127868658],[83.50670623779303,24.02824020385748],[83.32356262207048,24.101329803466854],[83.37593841552763,24.314540863037337],[83.45139312744146,24.36474990844738],[83.39546966552751,24.503770828247184],[83.86804199218778,24.532880783080998],[83.99221038818388,24.63803291320812],[84.10977935791033,24.481399536132926],[84.29743194580078,24.563142776489258],[84.29321289062494,24.450822830200195],[84.4935379028322,24.287040710449332],[84.5215225219726,24.37626075744629],[84.658256530762,24.39374160766613],[84.79532623291021,24.529491424560604],[84.89803314208979,24.372129440307617],[85.07615661621122,24.439870834350586],[85.0894165039063,24.37919998168968],[85.28251647949247,24.52668952941889],[85.66470336914068,24.58193016052246],[85.64952850341791,24.687040328979492],[85.73674011230486,24.822650909423885],[85.95030212402372,24.732118606567383],[86.05058288574224,24.779541015624943],[86.13329315185564,24.60354042053217],[86.32286071777361,24.584091186523438],[86.27913665771513,24.462001800537166],[86.45220947265625,24.368629455566463],[86.60292053222662,24.605068206787223],[86.66839599609403,24.56064033508295],[86.77712249755888,24.619760513305607],[86.91117858886724,24.53867912292486],[86.93009185791044,24.642820358276424],[87.0504684448245,24.606769561767635],[87.17664337158209,25.06402015686035],[87.29110717773443,25.089269638061523],[87.32345581054705,25.223091125488338],[87.46763610839844,25.193141937255973],[87.49006652832043,25.305200576782283],[87.59989166259771,25.314662933349553]]]}},{"type":"Feature","properties":{"name":"Karnataka"},"geometry":{"type":"MultiPolygon","coordinates":[[[[74.6709747314456,13.199861526489371],[74.6709747314456,13.199584007263468],[74.67152404785162,13.199584007263468],[74.67152404785162,13.199305534362907]]],[[[74.72846984863298,13.282921791076888],[74.72846984863298,13.282640457153434],[74.72875213623053,13.282640457153434],[74.72875213623053,13.28208065032959]]],[[[74.70041656494158,13.284310340881632],[74.70041656494158,13.283459663391397],[74.70069122314459,13.283472061157227],[74.70069122314459,13.282917976379508]]],[[[74.72374725341803,13.289590835571289],[74.72374725341803,13.28931140899681],[74.72429656982439,13.28931140899681],[74.72429656982439,13.289031028747843]]],[[[74.69069671630876,13.334030151367415],[74.69069671630876,13.333751678467024],[74.69097137451178,13.333751678467024],[74.69097137451178,13.33319091796892]]],[[[74.6890258789063,13.340971946716252],[74.6890258789063,13.339305877685604],[74.68930816650419,13.3393106460573],[74.68930816650419,13.338751792907942]]],[[[74.68264007568388,13.348472595214844],[74.68264007568388,13.34819507598877],[74.68291473388672,13.34819507598877],[74.68291473388672,13.347639083862475]]],[[[74.67152404785162,13.383193016052473],[74.67152404785162,13.382917404174975],[74.67180633544939,13.382917404174975],[74.67180633544939,13.382638931274585]]],[[[74.48291778564482,14.011249542236385],[74.48291778564482,14.010972023010481],[74.48319244384783,14.010972023010481],[74.48319244384783,14.010417938232422]]],[[[74.32624816894537,14.020694732666186],[74.32624816894537,14.020417213439885],[74.32682037353521,14.020421028137434],[74.32682037353521,14.01986026763933]]],[[[74.40319824218778,14.315401077270565],[74.40319824218778,14.315137863159237],[74.40402984619158,14.315140724182129],[74.40402984619158,14.314860343933333]]],[[[74.3651428222658,14.55263996124279],[74.3651428222658,14.552359580993652],[74.36597442626959,14.552362442016715],[74.36597442626959,14.552082061767749]]],[[[74.25375366210955,14.705973625183276],[74.25375366210955,14.705693244934082],[74.2543029785158,14.705693244934082],[74.2543029785158,14.705417633056584]]],[[[74.24069213867216,14.711250305175952],[74.24069213867216,14.71097183227539],[74.2409744262697,14.71097183227539],[74.2409744262697,14.709861755371207]]],[[[74.15541839599638,14.741810798645304],[74.15541839599638,14.741531372070426],[74.15598297119152,14.741531372070426],[74.15598297119152,14.741250038146973]]],[[[74.11125183105486,14.761541366577092],[74.11125183105486,14.761249542236612],[74.11152648925787,14.761249542236612],[74.11152648925787,14.759580612182901]]],[[[74.08791351318388,14.79597187042242],[74.08791351318388,14.795694351196346],[74.0887527465822,14.795694351196346],[74.0887527465822,14.795415878295955]]],[[[74.0565261840822,14.817084312439135],[74.0565261840822,14.816805839538574],[74.05680847167997,14.816809654235897],[74.05680847167997,14.816530227661246]]],[[[74.0640258789063,14.82124996185297],[74.0640258789063,14.820969581604004],[74.06458282470709,14.820972442627067],[74.06458282470709,14.820693969726676]]],[[[74.05930328369169,14.821528434753532],[74.05930328369169,14.82124996185297],[74.06179809570341,14.82124996185297],[74.06179809570341,14.820700645446948]]],[[[74.09402465820341,14.838471412658635],[74.09402465820341,14.838195800781307],[74.09430694580078,14.838195800781307],[74.09430694580078,14.837638854980753]]],[[[74.09847259521501,14.845972061157227],[74.09847259521501,14.845693588256836],[74.09874725341803,14.845693588256836],[74.09874725341803,14.845417976379508]]],[[[74.09708404541044,14.87847232818632],[74.09708404541044,14.877916336059627],[74.09735870361328,14.877921104431323],[74.09735870361328,14.877079963684196]]],[[[77.33731079101557,18.43544006347662],[77.41011047363293,18.388530731201172],[77.36252593994158,18.308290481567496],[77.60301971435547,18.277999877929688],[77.59745788574247,18.084289550781477],[77.54574584960966,18.053760528564396],[77.65339660644548,17.969352722167912],[77.5108795166015,17.801441192626953],[77.56202697753923,17.747110366821516],[77.45034790039068,17.691299438476562],[77.43992614746088,17.581470489502067],[77.68799591064459,17.49854278564476],[77.51014709472673,17.42725944519043],[77.52802276611357,17.372110366821346],[77.45159912109392,17.37049102783203],[77.45450592041021,17.27589035034191],[77.38035583496105,17.219770431518555],[77.35999298095732,17.16162109375],[77.49938964843778,17.00732040405279],[77.42341613769537,16.71453094482422],[77.46504211425793,16.678281784057617],[77.41657257080084,16.66281127929699],[77.46417236328142,16.584209442138672],[77.3662872314456,16.484109878540153],[77.23517608642584,16.468080520629996],[77.34294891357428,16.379720687866154],[77.59160614013689,16.33751106262207],[77.59227752685575,16.29010963439947],[77.48755645751964,16.249820709228516],[77.50945281982428,15.920860290527287],[77.1806259155274,15.950062751770076],[77.02227020263689,15.831780433654899],[77.12497711181669,15.659050941467285],[77.02928161621094,15.63383865356451],[77.02659606933588,15.499990463256893],[76.97039031982439,15.490921974182243],[77.16414642334001,15.259070396423397],[77.12090301513678,15.22124099731451],[77.16320037841814,15.161331176757926],[77.07881927490263,15.000009536743278],[76.774223327637,15.071380615234375],[76.76377105712885,14.969869613647461],[76.86547851562517,14.937600135803336],[76.76091003417963,14.596281051635799],[76.87020111083979,14.468440055847282],[76.97339630126953,14.478281021118221],[76.88314056396513,14.390291213989258],[76.94346618652361,14.236310005188045],[77.10507965087896,14.213281631469727],[77.15215301513689,14.337740898132381],[77.28114318847662,14.331110954284782],[77.38378906250011,14.191821098327694],[77.38565826416021,14.324870109558049],[77.49936676025396,14.260510444641113],[77.50044250488298,14.150960922241325],[77.34773254394537,14.12434101104742],[77.39544677734403,14.10344123840332],[77.32618713378918,14.022939682006893],[77.4306411743164,13.968779563904036],[77.39705657959001,13.880540847778548],[77.31349182128923,14.024820327758732],[77.14733886718744,13.991621971130371],[77.02369689941435,14.05325889587408],[77.01982879638678,14.172701835632324],[76.89142608642595,14.1589994430542],[77.03584289550787,13.925591468811149],[76.96839141845732,13.814390182495117],[76.99392700195324,13.741510391235408],[77.1665802001956,13.754669189453239],[77.12388610839844,13.849390029907227],[77.17703247070324,13.91740036010765],[77.17880249023432,13.859840393066406],[77.23384094238287,13.894931793213004],[77.25044250488287,13.839470863342285],[77.42453002929705,13.83512973785406],[77.4764862060548,13.677599906921444],[77.64908599853521,13.77583980560297],[77.70874786376959,13.732739448547363],[77.82772064209001,13.86061954498291],[77.81829071044933,13.934881210327092],[77.91160583496088,13.89724063873291],[77.97857666015625,13.947650909423828],[77.94458007812528,13.81997108459467],[78.04115295410173,13.886729240417594],[78.11353302001959,13.840890884399471],[78.08072662353521,13.635340690612907],[78.15576171875,13.648710250854549],[78.18327331542986,13.556380271911678],[78.39076232910173,13.57810020446783],[78.36699676513678,13.320039749145621],[78.57746887207026,13.262049674987907],[78.56907653808588,13.156482696533203],[78.42265319824219,12.968600273132324],[78.45423889160185,12.853161811828727],[78.34542846679693,12.928060531616211],[78.22064971923845,12.752590179443416],[78.04673004150396,12.842370033264217],[77.91047668457031,12.819710731506461],[77.92428588867193,12.877840042114485],[77.82559967041016,12.858989715576229],[77.73140716552751,12.66397953033453],[77.59033966064459,12.657541275024641],[77.62008666992193,12.408479690551871],[77.46566772460932,12.202260971069279],[77.72635650634777,12.1673202514649],[77.76844787597662,12.10559177398693],[77.66471099853521,11.939700126648063],[77.48439788818376,11.932399749755916],[77.4192504882813,11.75067138671875],[77.24173736572294,11.802459716796932],[77.10282897949224,11.763119697570914],[77.10929870605474,11.712800979614258],[77.00443267822294,11.803019523620605],[76.89968872070318,11.783271789550781],[76.83728027343756,11.574480056762695],[76.56006622314447,11.610120773315657],[76.50421142578142,11.698040962219295],[76.41020965576172,11.664569854736328],[76.40767669677734,11.753331184387264],[76.33497619628935,11.730629920959416],[76.18403625488287,11.863761901855469],[76.1080627441408,11.851181030273438],[76.10791015625006,11.970639228820914],[75.86589813232428,11.94563007354742],[75.79968261718756,12.071181297302303],[75.6624298095706,12.091180801391602],[75.41912841796892,12.286399841308707],[75.36560058593756,12.407040596008414],[75.41448974609403,12.496711730957259],[75.34086608886747,12.456049919128361],[75.27240753173822,12.539880752563533],[75.32785797119152,12.585181236267317],[75.22290039062506,12.562640190124625],[75.15064239501959,12.67634201049816],[75.04780578613287,12.660088539123478],[74.9922866821289,12.790459632873763],[74.86708068847685,12.754451751708984],[74.69040679931646,13.348469734191951],[74.72902679443376,13.2770805358889],[74.63318634033209,13.849029541015682],[74.50152587890625,14.0226411819458],[74.35375976562506,14.502921104431096],[74.38735961914091,14.546810150146541],[74.3095932006836,14.520690917968693],[74.24958038330084,14.739583969116325],[74.0926361083985,14.80319023132347],[74.10417175292969,14.903750419616642],[74.27011871337908,14.966641426086483],[74.32190704345709,15.184069633483944],[74.25752258300781,15.257629394531364],[74.34165191650408,15.292930603027457],[74.2552566528322,15.654210090637207],[74.09652709960932,15.67084980011009],[74.227348327637,15.785671234130916],[74.25006866455072,15.741180419921989],[74.36485290527372,15.773651123046875],[74.38931274414057,15.844140052795467],[74.34453582763689,15.85205078125],[74.41158294677763,15.852590560913086],[74.4702758789063,16.040540695190487],[74.36815643310547,16.052959442138615],[74.49640655517584,16.101579666137695],[74.5031127929688,16.231040954589844],[74.33065795898443,16.272939682006836],[74.36911010742188,16.394329071045036],[74.25315856933611,16.494880676269588],[74.27636718750028,16.54453277587902],[74.3899230957033,16.527900695800838],[74.47738647460966,16.660779953003157],[74.57405090332037,16.551969528198185],[74.69037628173834,16.604459762573242],[74.69819641113287,16.71520042419445],[74.92382049560553,16.769950866699276],[74.93839263916044,16.94099044799816],[75.09041595459013,16.948650360107365],[75.21585845947271,16.840339660644588],[75.28843688964838,16.954772949218807],[75.4679107666015,16.985330581665096],[75.49249267578153,16.94289970397955],[75.57579803466803,17.007799148559627],[75.67460632324224,16.96026992797846],[75.65988922119146,17.261440277099553],[75.57853698730463,17.382930755615348],[75.63558959960938,17.47751045227045],[75.80233764648438,17.370101928710938],[75.88723754882818,17.417329788208235],[75.93115234375011,17.32411003112793],[76.12120819091814,17.366340637207088],[76.17575836181658,17.297210693359318],[76.24436187744169,17.374679565429688],[76.38170623779325,17.311809539794865],[76.33167266845709,17.594869613647575],[76.4892959594726,17.660669326782227],[76.52369689941406,17.75889015197754],[76.57322692871088,17.702169418335018],[76.61444854736345,17.76831245422369],[76.69055175781267,17.679952621460075],[76.78816986084013,17.82647132873541],[76.7406768798831,17.898010253906364],[76.9164428710938,17.9150905609132],[76.95410919189482,18.184890747070256],[77.10888671875006,18.15269088745123],[77.24022674560541,18.40864753723156],[77.33731079101557,18.43544006347662]]]]}},{"type":"Feature","properties":{"name":"Kerala"},"geometry":{"type":"MultiPolygon","coordinates":[[[[76.46736145019526,9.540970802307243],[76.46736145019526,9.540693283081339],[76.46847534179716,9.540693283081339],[76.46847534179716,9.54041767120384]]],[[[76.404296875,9.54152965545677],[76.404296875,9.53986072540306],[76.40458679199247,9.53986072540306],[76.40458679199247,9.537082672119311]]],[[[76.43458557128923,9.551527976989973],[76.43458557128923,9.551250457763672],[76.43486022949224,9.551250457763672],[76.43486022949224,9.548193931579533]]],[[[76.43680572509794,9.551527976989973],[76.43680572509794,9.551250457763672],[76.43736267089855,9.551250457763672],[76.43736267089855,9.550971984863509]]],[[[76.41430664062528,9.56319522857666],[76.41430664062528,9.562916755676497],[76.4145812988283,9.562919616699162],[76.4145812988283,9.562360763549805]]],[[[76.38541412353516,9.620693206787337],[76.38541412353516,9.620417594909838],[76.38597106933611,9.620420455932901],[76.38597106933611,9.62014198303234]]],[[[76.38124847412115,9.714582443237532],[76.38069152832037,9.71457958221447],[76.38069152832037,9.71514129638689],[76.38096618652338,9.71514129638689]]],[[[76.37152862548834,9.758472442627067],[76.37152862548834,9.757916450500772],[76.37180328369135,9.757920265197754],[76.37180328369135,9.756260871887378]]],[[[76.32402801513678,9.825695037841797],[76.32402801513678,9.825416564941406],[76.32457733154303,9.825421333313045],[76.32457733154303,9.824860572814941]]],[[[76.37236022949247,9.825695037841797],[76.37236022949247,9.825416564941406],[76.37291717529325,9.825421333313045],[76.37291717529325,9.825140953063908]]],[[[76.3684692382813,9.826811790466593],[76.3684692382813,9.826531410217228],[76.36958312988281,9.826531410217228],[76.36958312988281,9.826251029968262]]],[[[76.378471374512,9.839584350586165],[76.378471374512,9.8390283584597],[76.3787460327149,9.839030265808105],[76.3787460327149,9.838472366333065]]],[[[76.37763977050787,9.84152984619169],[76.37763977050787,9.840690612792969],[76.37735748291033,9.840694427490348],[76.37735748291033,9.840417861938533]]],[[[76.28930664062506,9.847361564636174],[76.28930664062506,9.847082138061694],[76.28986358642584,9.847082138061694],[76.28986358642584,9.84680557250988]]],[[[76.34958648681646,9.874582290649528],[76.34958648681646,9.87402820587181],[76.34986114501982,9.874031066894531],[76.34986114501982,9.873191833496207]]],[[[76.30847167968778,9.921529769897688],[76.30847167968778,9.92125034332281],[76.30874633789068,9.92125034332281],[76.30874633789068,9.920694351196516]]],[[[76.26069641113287,9.970696449279899],[76.26069641113287,9.970417976379508],[76.26207733154308,9.970421791076888],[76.26207733154308,9.970140457153434]]],[[[76.27236175537115,9.97291469574003],[76.27236175537115,9.972084045410156],[76.27263641357422,9.972084045410156],[76.27263641357422,9.971805572509766]]],[[[76.24430847167974,9.980972290039176],[76.24430847167974,9.978471755981502],[76.24402618408203,9.978471755981502],[76.24402618408203,9.978194236755598]]],[[[76.26819610595732,10.002920150756836],[76.26819610595732,10.00263977050804],[76.26847076416033,10.00263977050804],[76.26847076416033,10.002081871032772]]],[[[76.2418060302735,10.014310836792106],[76.2418060302735,10.014031410217228],[76.24208068847685,10.014031410217228],[76.24208068847685,10.013751029968262]]],[[[76.252914428711,10.017083168029728],[76.252914428711,10.013751029968262],[76.25347137451178,10.013751029968262],[76.25347137451178,10.013469696045206]]],[[[76.26180267334001,10.029862403869572],[76.26180267334001,10.029306411743107],[76.261528015137,10.029310226440657],[76.261528015137,10.02902984619152]]],[[[76.26597595214861,10.030694007873763],[76.26597595214861,10.030139923095874],[76.26569366455084,10.030139923095874],[76.26569366455084,10.02791786193876]]],[[[76.23986053466814,10.102370262146223],[76.23986053466814,10.102081298828239],[76.24013519287115,10.102083206176985],[76.24013519287115,10.101804733276424]]],[[[76.05208587646513,10.535420417785815],[76.05208587646513,10.534581184387491],[76.05180358886736,10.534583091735897],[76.05180358886736,10.534027099609602]]],[[[76.05097198486357,10.539030075073356],[76.05097198486357,10.538741111755371],[76.0512466430664,10.538749694824219],[76.0512466430664,10.537918090820426]]],[[[75.83819580078125,11.134310722351074],[75.83819580078125,11.134030342102278],[75.83847045898466,11.134030342102278],[75.83847045898466,11.133749961853141]]],[[[75.81124877929688,11.16180610656761],[75.81124877929688,11.161527633667049],[75.81153106689459,11.161529541015625],[75.81153106689459,11.160689353943042]]],[[[75.3662490844726,11.942084312439079],[75.3662490844726,11.941805839538688],[75.36596679687506,11.941810607910156],[75.36596679687506,11.940691947936955]]],[[[75.36791992187528,11.943471908569336],[75.36791992187528,11.942359924316406],[75.36818695068376,11.942359924316406],[75.36818695068376,11.941810607910156]]],[[[75.30069732666033,11.963472366333065],[75.30069732666033,11.963195800781477],[75.30124664306658,11.963195800781477],[75.30124664306658,11.962915420532283]]],[[[75.29652404785162,11.968471527099837],[75.29652404785162,11.968194007873592],[75.2968063354495,11.968194007873592],[75.2968063354495,11.967915534973372]]],[[[75.28541564941423,11.98708343505865],[75.28541564941423,11.98680496215826],[75.28597259521501,11.986809730529956],[75.28597259521501,11.986540794372672]]],[[[75.29792022705107,12.01736164093046],[75.29792022705107,12.016248703003043],[75.2976379394533,12.016248703003043],[75.2976379394533,12.015969276428166]]],[[[75.2976379394533,12.023750305175895],[75.2976379394533,12.023469924926758],[75.29819488525408,12.023471832275504],[75.29819488525408,12.02319431304943]]],[[[75.15763854980486,12.109311103820914],[75.15763854980486,12.109028816223145],[75.15791320800793,12.109030723571948],[75.15791320800793,12.108750343322981]]],[[[75.16346740722685,12.115419387817383],[75.16346740722685,12.115140914916992],[75.16374969482439,12.115140914916992],[75.16374969482439,12.114860534668196]]],[[[75.19403076171875,12.116250991821346],[75.19403076171875,12.11597061157238],[75.19430541992193,12.115973472595442],[75.19430541992193,12.11541652679449]]],[[[75.1540298461914,12.142641067504826],[75.1540298461914,12.14208126068138],[75.15430450439482,12.142083168029785],[75.15430450439482,12.141529083252067]]],[[[75.13541412353544,12.185972213745174],[75.13541412353544,12.185693740844783],[75.135971069336,12.185693740844783],[75.135971069336,12.185137748718319]]],[[[75.13181304931669,12.19153118133545],[75.13181304931669,12.191250801086653],[75.13208007812517,12.191250801086653],[75.13208007812517,12.190960884094352]]],[[[75.13014221191423,12.198195457458553],[75.13014221191423,12.197916984558162],[75.13069152832026,12.19792175292963],[75.13069152832026,12.197641372680664]]],[[[75.12652587890642,12.205142021179427],[75.12652587890642,12.20486164093029],[75.12680816650396,12.20486164093029],[75.12680816650396,12.204031944274902]]],[[[74.99600219726591,12.787981033325252],[75.04780578613287,12.660088539123478],[75.15064239501959,12.67634201049816],[75.22290039062506,12.562640190124625],[75.32785797119152,12.585181236267317],[75.27091979980486,12.553540229797477],[75.33676147460943,12.457781791687182],[75.41448974609403,12.496711730957259],[75.36560058593756,12.407040596008414],[75.41912841796892,12.286399841308707],[75.4827270507813,12.286181449890364],[75.57684326171892,12.150750160217342],[75.79534912109386,12.074231147766227],[75.87674713134771,11.940711975097884],[76.10791015625006,11.970639228820914],[76.11653137207037,11.84304046630865],[76.18403625488287,11.863761901855469],[76.33497619628935,11.730629920959416],[76.40767669677734,11.753331184387264],[76.43421936035173,11.63352108001709],[76.22574615478533,11.564439773559798],[76.2400970458985,11.459641456604004],[76.53820037841803,11.351590156555176],[76.45272064209001,11.180210113525504],[76.72557830810575,11.208890914917106],[76.69117736816412,11.144510269165153],[76.79247283935553,11.04237270355236],[76.70652008056669,11.031351089477596],[76.64916229248064,10.924152374267578],[76.89750671386736,10.770799636841048],[76.87261962890636,10.629431724548454],[76.80499267578142,10.626340866088924],[76.81967163085938,10.295240402221793],[76.9707870483399,10.208650588989258],[77.22216033935564,10.340300559997672],[77.2804489135745,10.20725154876709],[77.18779754638689,10.092501640319824],[77.26142120361345,9.963721275329817],[77.15187072753935,9.606019973754996],[77.3408966064456,9.595050811767521],[77.39623260498075,9.496541976928711],[77.26682281494146,9.290880203247298],[77.25177764892584,9.1430406570434],[77.13217926025396,9.011850357055721],[77.2415008544923,8.864782333373967],[77.15531921386747,8.737560272216797],[77.26508331298828,8.542559623718205],[77.18649291992205,8.493371009826717],[77.159652709961,8.312500953674316],[76.97541809082037,8.384580612182674],[76.5462493896485,8.902359962463436],[76.49041748046903,9.170140266418457],[76.42263793945318,9.24569320678711],[76.46125030517607,9.139583587646428],[76.33791351318376,9.415971755981445],[76.23735809326172,9.96542167663597],[76.34764099121111,9.71180629730253],[76.32068634033197,9.871250152588061],[76.37069702148455,9.820142745971793],[76.35708618164091,9.525416374206486],[76.48042297363287,9.511251449585188],[76.41596984863287,9.565971374511662],[76.37735748291033,9.864862442016715],[76.2056961059572,10.147082328796387],[76.2240295410158,9.977079391479549],[76.06764221191423,10.544584274291935],[76.04152679443365,10.575421333313102],[76.03624725341808,10.510140419006518],[75.910140991211,10.79236030578619],[75.85847473144537,11.138471603393668],[75.61736297607428,11.477083206176985],[75.50013732910185,11.798194885253906],[75.45375061035168,11.770138740539608],[75.29873657226557,11.94347000122076],[75.39930725097673,11.915415763855208],[75.37486267089861,11.956531524658146],[75.26541900634766,12.007081031799316],[75.3331909179688,12.010141372680664],[75.30906677246111,12.102661132812557],[75.40251922607439,12.136840820312614],[75.22306060791033,12.104840278625716],[75.20041656494146,12.00736141204851],[75.17874908447294,12.080694198608455],[75.22013854980497,12.07014179229742],[74.86653137207026,12.752640724182129],[74.99600219726591,12.787981033325252]]]]}},{"type":"Feature","properties":{"name":"Lakshadweep"},"geometry":{"type":"MultiPolygon","coordinates":[[[[73.0101394653322,8.28042030334484],[73.0101394653322,8.280139923095874],[73.01040649414068,8.280139923095874],[73.01040649414068,8.27985954284668]]],[[[73.08097076416021,8.327642440796012],[73.08097076416021,8.327080726623763],[73.0806961059572,8.327082633972168],[73.0806961059572,8.326249122619629]]],[[[72.29013824462908,10.049583435058821],[72.29013824462908,10.049027442932356],[72.28985595703153,10.049030303955078],[72.28985595703153,10.048471450805721]]],[[[73.63346862792986,10.070419311523551],[73.63346862792986,10.07014083862316],[73.63375091552746,10.07014083862316],[73.63375091552746,10.0687513351441]]],[[[73.62902832031278,10.075141906738509],[73.62902832031278,10.074860572814885],[73.62930297851568,10.074860572814885],[73.62930297851568,10.07458305358898]]],[[[73.65152740478544,10.104310035705566],[73.65152740478544,10.10263919830328],[73.65180206298828,10.10263919830328],[73.65180206298828,10.101531982421989]]],[[[72.32791900634771,10.136529922485352],[72.32791900634771,10.136249542236555],[72.32819366455107,10.136249542236555],[72.32818603515653,10.135690689087198]]],[[[73.6609725952149,10.155973434448299],[73.6609725952149,10.155693054199332],[73.66124725341825,10.155693054199332],[73.66124725341825,10.155138969421444]]],[[[72.64208221435553,10.577361106872672],[72.64208221435553,10.577081680297965],[72.64514160156256,10.577081680297965],[72.64514160156256,10.576804161071891]]],[[[72.16874694824247,10.814862251281738],[72.16874694824247,10.813471794128418],[72.16902923583984,10.813471794128418],[72.16902923583984,10.813194274902514]]],[[[72.1726379394533,10.81986141204834],[72.1726379394533,10.81902885437023],[72.17236328125028,10.81902885437023],[72.17236328125028,10.817920684814453]]],[[[73.67846679687517,10.82153129577631],[73.67846679687517,10.82069015502941],[73.67736053466797,10.820694923400879],[73.67736053466797,10.820417404174805]]],[[[72.1726379394533,10.81986141204834],[72.1726379394533,10.82014083862299],[72.17292022705107,10.820138931274414],[72.17292022705107,10.82097339630127]]],[[[72.29125213623064,10.945972442627237],[72.29125213623064,10.945139884948787],[72.29041290283232,10.94515132904047],[72.29041290283232,10.94486045837408]]],[[[72.32653045654314,10.95319461822504],[72.32653045654314,10.952360153198185],[72.32624816894537,10.952360153198185],[72.32624816894537,10.951804161071891]]],[[[72.33374786376982,10.95847320556669],[72.33374786376982,10.95819473266613],[72.3343048095706,10.95819473266613],[72.3343048095706,10.955972671509016]]],[[[72.73153686523443,11.136249542236328],[72.73153686523443,11.135972023010254],[72.73236083984403,11.135972023010254],[72.73236083984403,11.135693550109863]]],[[[72.10569763183611,11.21291637420677],[72.10569763183611,11.212639808654785],[72.10597229003935,11.212639808654785],[72.10597229003935,11.212081909179915]]],[[[72.10291290283214,11.21514034271263],[72.10291290283214,11.214859962463493],[72.10320281982439,11.214859962463493],[72.10319519042986,11.214584350586165]]],[[[72.79013824462919,11.259860992431868],[72.79013824462919,11.259583473205566],[72.7904129028322,11.259583473205566],[72.7904129028322,11.259026527405013]]],[[[73.00096893310564,11.488194465637434],[73.00096893310564,11.487915992737044],[73.0015258789062,11.487920761108512],[73.0015258789062,11.486810684204329]]],[[[72.99986267089861,11.497921943664778],[72.99986267089861,11.497361183166447],[73.00013732910185,11.497361183166447],[73.00013732910185,11.497640609741325]]],[[[72.18624877929693,11.601260185241927],[72.18624877929693,11.600970268249625],[72.1865310668947,11.600973129272688],[72.1865310668947,11.600417137146223]]],[[[72.71402740478527,11.706251144409407],[72.71402740478527,11.705967903137207],[72.71430206298845,11.705972671509016],[72.71430206298845,11.705415725708065]]]]}},{"type":"Feature","properties":{"name":"Madhya Pradesh"},"geometry":{"type":"Polygon","coordinates":[[[78.36464691162126,26.86884117126465],[78.56584930419922,26.7576904296875],[78.71534729003935,26.80021286010765],[78.93791198730497,26.66269111633312],[78.99317932128912,26.684570312500114],[78.97962188720709,26.57407951354992],[79.04846191406256,26.456050872802734],[79.126762390137,26.444810867309798],[79.07679748535185,26.362691879272518],[79.13374328613287,26.344970703125],[78.9426727294923,26.13914108276373],[79.00315093994169,26.081792831421012],[78.84662628173845,25.860500335693473],[78.8619232177735,25.799198150634822],[78.81124877929699,25.83012008667015],[78.74681854248075,25.749090194702205],[78.80519104003935,25.624557495117188],[78.42933654785162,25.56385993957531],[78.42072296142595,25.477619171142635],[78.29551696777372,25.374799728393555],[78.44291687011724,25.128770828247127],[78.32776641845732,25.08876991271967],[78.32753753662115,24.99955940246582],[78.16380310058611,24.85709953308117],[78.26847839355463,24.66710090637207],[78.21971893310553,24.522779464721623],[78.36094665527372,24.38578987121582],[78.32599639892584,24.329618453979492],[78.38236999511736,24.273929595947322],[78.50537109374994,24.39394950866705],[78.66912078857428,24.245019912719727],[78.76027679443365,24.258489608764705],[78.79168701171892,24.180240631103572],[78.96687316894537,24.353660583496094],[78.98438262939459,24.441360473632926],[78.9085922241211,24.466770172119197],[78.96639251708984,24.4969482421875],[78.8817214965822,24.63969993591303],[78.7494659423831,24.604980468750114],[78.78054046630871,24.81497192382824],[78.62204742431652,24.964900970458984],[78.56858062744146,25.258609771728516],[78.42736053466791,25.2886714935305],[78.52507781982422,25.306529998779354],[78.65271759033209,25.444000244140682],[78.70140075683622,25.428859710693473],[78.65789031982428,25.387979507446346],[78.76438140869135,25.35840034484869],[78.74314117431646,25.412700653076115],[78.81291198730474,25.430427551269588],[78.73175048828153,25.500650405883846],[78.83426666259771,25.432460784912166],[78.88553619384783,25.560770034790096],[78.94168853759771,25.55144119262701],[78.90322875976591,25.4469375610351],[78.97850799560553,25.37601280212408],[78.87474822998053,25.38765907287592],[78.78328704833984,25.303180694580192],[78.84175109863287,25.229160308838004],[78.876518249512,25.34445953369152],[78.9557723999024,25.347761154174805],[78.87713623046892,25.162181854248104],[78.99581146240234,25.195938110351562],[79.00496673583984,25.276969909668082],[79.05644226074236,25.225709915161246],[79.02176666259771,25.143190383911133],[79.08429718017595,25.19252967834467],[79.12433624267595,25.11186981201172],[79.24584197998064,25.161960601806697],[79.27654266357439,25.12026023864769],[79.27359771728527,25.248119354248047],[79.34696197509771,25.214241027831974],[79.340087890625,25.27276039123541],[79.25650787353533,25.279470443725586],[79.30422210693376,25.339849472046012],[79.35296630859403,25.265380859375],[79.49040222167974,25.27034950256342],[79.38387298584013,25.170280456543196],[79.39914703369135,25.113460540771484],[79.46837615966825,25.13445091247553],[79.48987579345709,25.082750320434627],[79.56552124023455,25.177551269531307],[79.84921264648443,25.096981048584098],[79.84713745117199,25.240200042724666],[80.25586700439459,25.428710937500057],[80.42369842529303,25.17414283752464],[80.28195953369146,25.063220977783317],[80.3141021728515,25.003509521484375],[80.40991973876953,25.076719284057617],[80.49420928955095,25.045320510864258],[80.47612762451178,25.102251052856502],[80.60678100585943,25.07217979431158],[80.5945892333985,25.155241012573185],[80.673568725586,25.054170608520735],[80.77593994140625,25.061691284179688],[80.69963836669939,25.137149810791016],[80.82769775390636,25.110309600830135],[80.8780364990235,25.195600509643782],[80.80220031738276,24.944459915161133],[81.07641601562511,24.95226097106945],[81.13244628906256,24.89207077026373],[81.16143035888678,24.958511352539062],[81.21260833740246,24.93452072143549],[81.26911926269526,25.167739868164062],[81.48372650146501,25.074939727783203],[81.47287750244158,25.137121200561467],[81.56639862060553,25.195749282837028],[81.61898803710938,25.159650802612305],[81.60434722900396,25.060749053955192],[81.89846801757818,25.009620666503906],[81.95915222167997,24.830610275268498],[82.19596862792974,24.82452964782715],[82.17288208007812,24.739570617675838],[82.24365997314459,24.775751113891715],[82.22992706298834,24.669639587402457],[82.29641723632807,24.670011520385685],[82.29393005371088,24.613740921020565],[82.40917205810564,24.597829818725813],[82.42015075683605,24.7052516937257],[82.52926635742216,24.651960372924805],[82.65792846679693,24.700397491455305],[82.79637145996111,24.59976005554205],[82.80076599121111,24.55268096923851],[82.71253204345709,24.55621910095215],[82.76413726806658,24.292430877685604],[82.72036743164074,24.138990402221793],[82.65738677978521,24.134798049926815],[82.7662582397461,24.077867507934684],[82.74199676513689,24.021400451660156],[82.8077774047851,23.963058471679688],[82.65651702880854,23.907861709594783],[82.62951660156256,23.839000701904297],[82.49665069580107,23.785049438476506],[81.91644287109403,23.872989654541243],[81.81172943115263,23.809499740600643],[81.66159820556652,23.925598144531364],[81.596908569336,23.889022827148438],[81.68728637695318,23.721349716186523],[81.56973266601562,23.588649749755973],[81.60704803466808,23.506889343261776],[81.73603057861322,23.567430496215934],[81.91635894775396,23.532091140747127],[81.9761199951173,23.413110733032283],[82.18585968017584,23.325389862060774],[82.15107727050776,23.14174079895031],[81.93810272216803,23.077810287475586],[81.9402465820313,22.957090377807617],[81.76940155029325,22.87350845336914],[81.76272583007841,22.663589477539062],[81.65654754638689,22.63200187683117],[81.61579132080084,22.539020538330135],[81.51906585693365,22.53998184204113],[81.39655303955095,22.441320419311523],[81.32293701171892,22.524330139160156],[81.10999298095714,22.441120147705135],[81.1138458251956,22.29438018798851],[80.97175598144526,22.12148094177246],[81.00427246093756,22.070020675659407],[80.90608978271496,22.11444091796875],[80.81844329834001,21.956790924072266],[80.81120300292986,21.747491836547795],[80.7185287475586,21.711860656738338],[80.73021697998053,21.472051620483455],[80.6629180908206,21.337339401245117],[80.40336608886713,21.37648963928234],[80.3706130981447,21.52096939086914],[80.26022338867193,21.620149612426815],[79.91581726074247,21.52448081970215],[79.73262023925781,21.602529525757063],[79.53662109375011,21.544218063354606],[79.488578796387,21.674121856689453],[79.22869110107439,21.72392845153803],[79.21990203857439,21.650810241699276],[78.91323852539068,21.59235954284668],[78.93183135986357,21.48740005493164],[78.43009948730474,21.50175094604498],[78.37951660156267,21.61865043640131],[77.9387817382813,21.386909484863395],[77.58444213867199,21.364479064941406],[77.48702239990263,21.377750396728516],[77.41696929931646,21.533060073852653],[77.6071166992188,21.54277038574213],[77.54218292236345,21.701030731201172],[77.47547149658209,21.771440505981502],[77.28623962402361,21.762750625610295],[77.20742034912104,21.694009780883846],[77.07232666015636,21.722930908203352],[76.90112304687517,21.600809097289982],[76.7953491210938,21.5975399017334],[76.78418731689453,21.466489791870117],[76.624526977539,21.33510017395031],[76.6233673095706,21.192659378051758],[76.48737335205107,21.196060180664062],[76.37637329101591,21.07731056213379],[76.17263793945341,21.0846004486084],[76.0986709594726,21.37392807006836],[75.21985626220709,21.410869598388786],[74.9018783569336,21.630229949951115],[74.5588760375976,21.682081222534237],[74.51122283935564,21.72674942016596],[74.52749633789068,21.908781051635742],[74.44603729248053,22.026519775390625],[74.28971099853544,21.935791015625227],[74.14601898193365,21.954059600830192],[74.09770202636736,22.01545906066889],[74.18070983886719,22.08660125732422],[74.07578277587908,22.22187805175787],[74.07198333740251,22.360240936279297],[74.19106292724615,22.321929931640568],[74.29418182373064,22.394468307495345],[74.19082641601568,22.477880477905387],[74.1230010986331,22.420810699463004],[74.04463958740263,22.542121887207088],[74.15332031250011,22.517419815063533],[74.26535797119158,22.64483070373541],[74.38108825683622,22.638639450073356],[74.47891998291044,22.858640670776367],[74.45147705078153,22.923999786376953],[74.36202239990263,22.933090209960938],[74.32277679443376,23.062690734863395],[74.74569702148443,23.21211051940918],[74.51830291748064,23.3287296295166],[74.61338043212919,23.46136093139654],[74.93972015380871,23.630371093749943],[74.90567779541033,23.87391090393072],[74.99298858642572,24.029701232910213],[74.89428710937506,24.261680603027457],[74.75280761718778,24.28265953063965],[74.85813140869135,24.467332839965934],[74.71193695068365,24.510940551757926],[74.81710815429716,24.67167091369629],[74.79931640625006,24.79564094543457],[74.89285278320307,24.655349731445426],[75.02137756347685,24.772859573364315],[74.84889221191412,24.792659759521484],[74.8327102661134,24.96745109558111],[75.04338836669939,24.859228134155217],[75.11886596679682,24.889039993286246],[75.15912628173828,25.04547119140625],[75.34558868408209,25.042800903320312],[75.31387329101568,24.900440216064453],[75.27590179443376,24.9767303466798],[75.26145172119146,24.88965988159191],[75.4170989990235,24.863901138305607],[75.3057327270509,24.813329696655273],[75.20819091796892,24.909999847412166],[75.25192260742193,24.837169647216854],[75.18551635742193,24.76805114746105],[75.2169494628908,24.722410202026424],[75.8387527465822,24.72986984252924],[75.9089965820313,24.456140518188477],[75.84725189209013,24.418970108032227],[75.79113006591803,24.47520256042486],[75.72688293457043,24.40527915954584],[75.82688140869135,24.246410369873047],[75.74349212646513,24.13960075378418],[75.8337631225586,24.075429916381893],[75.70040893554716,23.96906089782709],[75.6691970825197,24.03354263305664],[75.58383941650419,23.991920471191634],[75.51438140869146,24.048732757568473],[75.45649719238298,23.920740127563477],[75.58252716064482,23.800359725952205],[75.68447875976568,23.760568618774414],[75.7023315429687,23.904050827026367],[75.77706146240263,23.853870391845703],[75.97582244873075,23.932939529418945],[75.96018218994169,24.025369644165096],[76.1346969604495,24.095289230346793],[76.18548583984392,24.331510543823242],[76.21556854248075,24.216808319091797],[76.46994781494146,24.231399536132812],[76.53143310546903,24.16346931457531],[76.69296264648466,24.28504943847662],[76.70114135742193,24.171440124511832],[76.89994049072294,24.13111114501953],[76.94444274902361,24.206291198730526],[76.84017944335943,24.338720321655217],[76.81459045410162,24.53437042236351],[76.91287231445324,24.54356956481928],[76.96531677246105,24.460861206054688],[77.06469726562511,24.569910049438533],[77.02665710449236,24.71092033386236],[76.84729766845732,24.750400543212947],[76.80158233642595,24.819839477539062],[76.9489212036134,24.872869491577376],[76.85434722900419,25.010311126708984],[77.16957855224615,25.113719940185774],[77.39852905273432,25.11327171325695],[77.361343383789,25.41296005249029],[77.28298187255876,25.423589706421012],[77.20514678955078,25.311429977417106],[76.77009582519548,25.312191009521484],[76.56427764892578,25.442401885986442],[76.48239135742216,25.718130111694336],[76.59272766113298,25.874168395996037],[76.74546813964844,25.90923118591303],[76.88777923584001,26.093322753906193],[77.12403106689482,26.23795127868658],[77.81299591064447,26.554809570312557],[77.8945770263673,26.66221046447754],[78.08573913574247,26.68305015563965],[78.10552215576178,26.800752639770565],[78.36464691162126,26.86884117126465]]]}},{"type":"Feature","properties":{"name":"Maharashtra"},"geometry":{"type":"MultiPolygon","coordinates":[[[[73.45597076416021,15.889862060547102],[73.45597076416021,15.889583587646541],[73.45625305175798,15.889583587646541],[73.45625305175798,15.889306068420638]]],[[[73.46263885498053,15.890419960021973],[73.46263885498053,15.890151023864917],[73.46347045898466,15.890151023864917],[73.46347045898466,15.88985919952404]]],[[[73.4662475585938,15.895972251892147],[73.4662475585938,15.895693778991756],[73.46680450439459,15.895693778991756],[73.46680450439459,15.895416259765852]]],[[[73.46013641357428,16.04569435119629],[73.46013641357428,16.0454158782959],[73.46041870117216,16.04541969299345],[73.46041870117216,16.045141220092887]]],[[[73.44319152832037,16.10263824462885],[73.44319152832037,16.10235977172846],[73.44347381591814,16.102361679077262],[73.44347381591814,16.10208320617687]]],[[[73.08429718017572,17.818750381469897],[73.08429718017572,17.818471908569336],[73.08458709716803,17.818471908569336],[73.08458709716803,17.81819534301752]]],[[[73.03819274902361,18.052083969116154],[73.03819274902361,18.051525115966797],[73.03848266601591,18.051530838012923],[73.03848266601591,18.050979614257926]]],[[[72.96597290039068,18.3012504577639],[72.96597290039068,18.300140380859375],[72.96652984619146,18.300140380859375],[72.96652984619146,18.299861907958984]]],[[[73.07903289794928,18.310419082641715],[73.07903289794928,18.310140609741325],[73.07930755615263,18.310140609741325],[73.07930755615263,18.30987167358427]]],[[[73.08208465576178,18.32208251953125],[73.08208465576178,18.321250915527457],[73.08235931396513,18.321250915527457],[73.08235931396513,18.32097053527832]]],[[[72.86486053466803,18.635694503784464],[72.86486053466803,18.635139465332088],[72.86514282226557,18.635139465332088],[72.86513519287138,18.63458061218273]]],[[[72.81263732910168,18.706529617309627],[72.81263732910168,18.706251144409237],[72.81291961669939,18.706251144409237],[72.81291961669939,18.7059707641601]]],[[[72.84263610839838,18.708471298217773],[72.84263610839838,18.708194732666186],[72.84291839599615,18.708194732666186],[72.84291839599615,18.70736122131342]]],[[[72.90152740478544,18.964311599731445],[72.90152740478544,18.964029312133846],[72.90207672119146,18.964029312133846],[72.90207672119146,18.963750839233683]]],[[[72.93902587890625,18.972360610961914],[72.93902587890625,18.972080230712947],[72.9395828247072,18.972085952758903],[72.9395828247072,18.971527099609375]]],[[[73.02597045898455,18.999860763549748],[73.02597045898455,18.99958038330078],[73.02708435058588,18.99958419799816],[73.02708435058588,18.99930572509777]]],[[[72.78180694580078,19.13541984558117],[72.78180694580078,19.135139465331974],[72.78263092041021,19.135139465331974],[72.78263092041021,19.13486099243164]]],[[[72.73124694824213,19.46847152709961],[72.73124694824213,19.46819686889677],[72.73153686523443,19.46820068359375],[72.73153686523443,19.467920303344954]]],[[[74.43554687500006,22.030998229980526],[74.52749633789068,21.908781051635742],[74.5117568969726,21.724950790405273],[74.5905532836914,21.66415977478033],[74.9018783569336,21.630229949951115],[75.30190277099615,21.389249801635742],[76.0986709594726,21.37392807006836],[76.17272186279314,21.188289642333928],[76.1143188476562,21.17045974731451],[76.13566589355497,21.126211166381836],[76.28176879882841,21.07530975341797],[76.45269012451172,21.114868164062727],[76.49117279052763,21.197820663452205],[76.6233673095706,21.192659378051758],[76.624526977539,21.33510017395031],[76.78418731689453,21.466489791870117],[76.7953491210938,21.5975399017334],[76.90112304687517,21.600809097289982],[77.07232666015636,21.722930908203352],[77.20742034912104,21.694009780883846],[77.28623962402361,21.762750625610295],[77.47547149658209,21.771440505981502],[77.54218292236345,21.701030731201172],[77.6071166992188,21.54277038574213],[77.41696929931646,21.533060073852653],[77.48702239990263,21.377750396728516],[77.58444213867199,21.364479064941406],[77.9387817382813,21.386909484863395],[78.37951660156267,21.61865043640131],[78.43009948730474,21.50175094604498],[78.93183135986357,21.48740005493164],[78.91323852539068,21.59235954284668],[79.21990203857439,21.650810241699276],[79.22869110107439,21.72392845153803],[79.488578796387,21.674121856689453],[79.53662109375011,21.544218063354606],[79.73262023925781,21.602529525757063],[79.91581726074247,21.52448081970215],[80.26022338867193,21.620149612426815],[80.3706130981447,21.52096939086914],[80.40336608886713,21.37648963928234],[80.51140594482428,21.391860961914176],[80.67378997802763,21.30908012390131],[80.45729827880871,21.172840118408146],[80.43331909179682,21.09715080261242],[80.45555877685553,20.932109832763786],[80.54183959960932,20.93391990661621],[80.58011627197271,20.683641433715877],[80.4815979003908,20.61709976196289],[80.62232208251982,20.603862762451286],[80.61776733398438,20.33368110656744],[80.38295745849604,20.241720199584904],[80.3938369750976,20.144020080566463],[80.49803161621111,20.138919830322266],[80.54615783691412,20.065710067749023],[80.52037811279303,19.93087959289562],[80.40629577636719,19.932500839233512],[80.4975204467774,19.8687496185305],[80.39470672607428,19.79457855224615],[80.54242706298828,19.819271087646484],[80.66584014892578,19.692211151123047],[80.65685272216791,19.612260818481445],[80.82760620117205,19.562671661376896],[80.89206695556658,19.465681076049805],[80.78793334960955,19.426700592041016],[80.84500885009771,19.36091041564947],[80.74923706054688,19.286741256713867],[80.61015319824236,19.307140350341797],[80.56781768798845,19.400920867919865],[80.47558593750006,19.33504295349121],[80.26772308349638,18.98732948303234],[80.34622192382818,18.81108093261713],[80.24215698242216,18.759748458862305],[80.2466659545899,18.70132064819336],[80.11081695556658,18.676189422607422],[79.89401245117193,18.830839157104606],[79.93448638916027,19.02169990539545],[79.85958862304682,19.034629821777344],[79.85804748535185,19.104110717773438],[79.94320678710943,19.170600891113224],[79.97305297851591,19.401020050049055],[79.78542327880876,19.5935897827149],[79.4704208374024,19.49745178222662],[79.24386596679716,19.612552642822493],[79.17778778076178,19.460691452026367],[78.95455169677729,19.551830291748047],[78.9689559936524,19.649232864379883],[78.8588027954101,19.656311035156307],[78.84562683105497,19.758350372314396],[78.49391937255854,19.793149948120117],[78.31019592285168,19.91274070739746],[78.2941284179688,19.849550247192383],[78.3677368164063,19.781080245971793],[78.26972198486334,19.66312980651861],[78.308891296387,19.456409454345817],[78.18216705322271,19.411769866943473],[78.1700592041015,19.236330032348633],[78.0511322021485,19.241760253906193],[77.94892120361334,19.341279983520735],[77.8608779907226,19.302129745483512],[77.90570831298828,19.26721954345726],[77.84813690185564,19.090080261230582],[77.75739288330084,19.028551101684513],[77.94255065917986,18.822290420532454],[77.83746337890642,18.807460784912337],[77.73285675048857,18.676000595092773],[77.7365112304687,18.554809570312557],[77.59726715087919,18.54754066467285],[77.60106658935575,18.474210739135742],[77.54619598388689,18.463382720947322],[77.58521270751964,18.445449829101562],[77.5259399414062,18.42735099792486],[77.57022857666033,18.308179855346737],[77.4653930664063,18.259960174560547],[77.36252593994158,18.308290481567496],[77.41011047363293,18.388530731201172],[77.31741333007824,18.45379066467308],[77.10888671875006,18.15269088745123],[76.95410919189482,18.184890747070256],[76.9164428710938,17.9150905609132],[76.7406768798831,17.898010253906364],[76.78816986084013,17.82647132873541],[76.69055175781267,17.679952621460075],[76.61444854736345,17.76831245422369],[76.57322692871088,17.702169418335018],[76.52369689941406,17.75889015197754],[76.4892959594726,17.660669326782227],[76.33167266845709,17.594869613647575],[76.38170623779325,17.311809539794865],[76.24436187744169,17.374679565429688],[76.17575836181658,17.297210693359318],[76.12120819091814,17.366340637207088],[75.93115234375011,17.32411003112793],[75.88723754882818,17.417329788208235],[75.80233764648438,17.370101928710938],[75.63558959960938,17.47751045227045],[75.57853698730463,17.382930755615348],[75.65988922119146,17.261440277099553],[75.67460632324224,16.96026992797846],[75.57579803466803,17.007799148559627],[75.49249267578153,16.94289970397955],[75.4679107666015,16.985330581665096],[75.28843688964838,16.954772949218807],[75.21585845947271,16.840339660644588],[75.09041595459013,16.948650360107365],[74.93839263916044,16.94099044799816],[74.92382049560553,16.769950866699276],[74.69819641113287,16.71520042419445],[74.69037628173834,16.604459762573242],[74.57405090332037,16.551969528198185],[74.47738647460966,16.660779953003157],[74.3899230957033,16.527900695800838],[74.27155303955084,16.53866004943859],[74.36911010742188,16.394329071045036],[74.33383941650408,16.26807022094738],[74.42122650146484,16.280590057373104],[74.51329803466797,16.20122909545904],[74.48908996582048,16.087320327758846],[74.36815643310547,16.052959442138615],[74.4702758789063,16.040540695190487],[74.41158294677763,15.852590560913086],[74.34453582763689,15.85205078125],[74.38931274414057,15.844140052795467],[74.36485290527372,15.773651123046875],[74.25006866455072,15.741180419921989],[74.227348327637,15.785671234130916],[74.0279312133789,15.604599952697868],[73.8734970092774,15.795321464538631],[73.7975692749024,15.725091934204102],[73.67708587646513,15.725417137146223],[73.45486450195341,16.05513954162626],[73.43569946289062,16.286529541015625],[73.36791992187494,16.363470077514762],[73.40541839599615,16.40486145019554],[73.31624603271484,16.51346969604498],[73.39402770996122,16.55264091491722],[73.31680297851557,16.600969314575252],[73.33319091796903,16.81653022766119],[73.2543029785158,17.02736091613764],[73.3198623657226,17.038194656372355],[73.18930816650396,17.297920227051065],[73.24402618408209,17.307361602783317],[73.16708374023432,17.405138015747127],[73.20569610595709,17.43902969360346],[73.08735656738276,17.838750839233455],[73.13263702392584,17.83013916015642],[72.93096923828125,18.220417022705192],[72.96457672119158,18.280139923095817],[73.0881958007813,18.151527404785156],[73.04292297363281,18.29707908630394],[73.08790588378935,18.326810836791992],[73.0279159545899,18.264305114746094],[72.91401672363298,18.354852676391715],[72.92846679687494,18.541810989379826],[72.85514068603521,18.696809768676815],[72.86930847167997,18.80458259582548],[72.98264312744135,18.809579849243278],[72.98874664306635,18.86597251892107],[72.90791320800798,18.902084350585938],[73.03234863281256,18.99930953979498],[72.96319580078125,19.0584716796875],[72.80764007568365,18.890970230102596],[72.82986450195307,19.18236351013195],[72.78013610839861,19.166250228881893],[72.83957672119169,19.267360687255973],[72.7823638916015,19.193195343017692],[72.7445831298831,19.462921142578352],[72.78624725341797,19.52597236633312],[72.71819305419928,19.53874969482439],[72.71930694580084,19.755140304565543],[72.6506958007813,19.854310989379883],[72.69013977050787,19.95819473266613],[72.75485992431669,19.927360534668196],[72.73764038085943,20.13653945922863],[72.83534240722668,20.144641876220703],[72.8745422363283,20.225809097289982],[72.97042846679682,20.212329864501953],[73.0452728271485,20.071781158447266],[73.18144226074236,20.05162048339838],[73.31114959716797,20.207210540771484],[73.42682647705107,20.2015705108642],[73.39134979248075,20.390199661254996],[73.50074005126953,20.540241241455078],[73.40158081054693,20.649209976196403],[73.45868682861357,20.714319229125977],[73.67070770263678,20.5623397827149],[73.83828735351562,20.61576080322277],[73.82264709472656,20.693820953369368],[73.94953155517595,20.7423095703125],[73.90644836425787,20.98315048217779],[73.77485656738287,21.01045036315918],[73.75260925292997,21.11408996582037],[73.58830261230474,21.167900085449446],[73.82254791259771,21.171920776367244],[73.83213806152372,21.2674503326416],[73.94848632812528,21.29755020141613],[73.9528427124024,21.40237045288086],[74.0485458374024,21.419429779052848],[74.06716156005854,21.481931686401367],[74.30591583251982,21.479391098022575],[74.33551788330072,21.540229797363338],[74.06920623779308,21.559509277343864],[73.86078643798822,21.49582290649414],[73.78761291503912,21.625049591064567],[73.89636230468756,21.700281143188704],[73.81051635742193,21.823337554931697],[74.13816070556658,21.95337104797369],[74.29064941406261,21.936059951782283],[74.43554687500006,22.030998229980526]]]]}},{"type":"Feature","properties":{"name":"Manipur"},"geometry":{"type":"Polygon","coordinates":[[[94.57723236084013,25.648330688476676],[94.55741882324213,25.512769699096737],[94.68242645263678,25.45973014831543],[94.58535766601568,25.215749740600586],[94.745658874512,25.13659095764166],[94.74221038818388,25.02524948120123],[94.61084747314453,24.72211265563965],[94.55098724365251,24.716539382934627],[94.32634735107428,24.33894920349121],[94.16146087646479,23.85277938842796],[93.95378112792986,23.950199127197266],[93.8159866333009,23.929828643799055],[93.75694274902361,24.009492874145565],[93.5087127685548,23.948900222778434],[93.35143280029314,24.11241912841797],[93.25528717041016,24.023790359497127],[93.24801635742216,24.08533859252941],[93.10092163085949,24.045089721679688],[93.07949066162115,24.102970123291016],[92.97637939453153,24.11482048034668],[93.10978698730486,24.809740066528263],[93.19735717773438,24.811260223388786],[93.40357208251959,25.263071060180778],[93.47402191162138,25.309280395507812],[93.6080169677735,25.20205116271984],[93.80899810791016,25.46558952331543],[93.77063751220697,25.540279388427848],[93.83648681640642,25.563060760498047],[94.01473236083996,25.59613037109375],[94.30898284912115,25.49380111694336],[94.57301330566418,25.69765090942377],[94.57723236084013,25.648330688476676]]]}},{"type":"Feature","properties":{"name":"Meghalaya"},"geometry":{"type":"Polygon","coordinates":[[[91.85383605957037,26.10478973388672],[91.92209625244158,25.999530792236442],[92.30158233642607,26.076490402221623],[92.15631866455095,25.944799423218],[92.22547912597685,25.907049179077205],[92.15310668945318,25.8127498626709],[92.16069793701189,25.671859741210938],[92.38510131835966,25.75356292724615],[92.57250213623064,25.56042098999046],[92.65345764160168,25.592180252075195],[92.56741333007818,25.46747016906744],[92.78437042236328,25.332538604736442],[92.80356597900402,25.217239379882926],[92.62164306640653,25.117700576782283],[92.52466583251959,25.140029907226506],[92.5429458618164,25.099599838256836],[92.42590332031261,25.031820297241325],[92.07176971435541,25.189622879028434],[91.64453125,25.122720718383732],[91.61741638183622,25.17591094970703],[91.47406768798828,25.133859634399414],[91.27378845214861,25.204307556152287],[90.45236206054693,25.144502639770508],[89.83426666259766,25.295669555664006],[89.87010192871122,25.54422187805187],[90.01844024658209,25.608390808105696],[89.89541625976568,25.744119644165153],[90.11865234375,25.961259841918945],[90.47728729248047,26.01526069641119],[90.51254272460955,25.896240234375057],[90.58245849609386,25.95979118347168],[90.624809265137,25.89889907836914],[90.68604278564482,25.950809478759766],[90.77806091308611,25.90829086303711],[90.94274902343761,25.947570800781364],[91.02922058105469,25.888048171997127],[91.00078582763666,25.82225036621105],[91.19647979736322,25.859010696411133],[91.22387695312506,25.723419189453182],[91.3335571289063,25.83884048461914],[91.52540588378912,25.872890472412223],[91.47476196289057,25.87123107910179],[91.57583618164091,26.03310966491722],[91.66931152343744,25.90538978576666],[91.73126220703153,26.0592098236084],[91.85383605957037,26.10478973388672]]]}},{"type":"Feature","properties":{"name":"Mizoram"},"geometry":{"type":"Polygon","coordinates":[[[92.80079650878923,24.419050216674805],[93.02435302734392,24.390470504760742],[92.97637939453153,24.11482048034668],[93.07949066162115,24.102970123291016],[93.10092163085949,24.045089721679688],[93.14791107177734,24.088090896606673],[93.24801635742216,24.08533859252941],[93.25528717041016,24.023790359497127],[93.33737182617193,24.05340003967291],[93.44470214843767,23.68242835998541],[93.3658065795899,23.354480743408146],[93.39364624023443,23.13861274719261],[93.29772186279303,23.005798339843807],[93.13294219970709,23.047500610351562],[93.16835021972673,22.919130325317496],[93.09175109863287,22.709341049194393],[93.20858001709001,22.26106834411621],[93.14710998535185,22.246540069580078],[93.15441131591814,22.1781902313233],[93.0466613769533,22.197620391845817],[93.00924682617188,21.983930587768555],[92.95580291748075,22.02992057800293],[92.91088867187506,21.946229934692326],[92.86773681640642,22.06536293029791],[92.71788787841803,22.152629852295036],[92.68435668945324,22.017910003662337],[92.60968017578142,21.97683715820324],[92.52697753906256,22.676160812377987],[92.44753265380876,22.89359092712425],[92.37542724609375,22.934881210327262],[92.36109924316435,23.237537384033317],[92.40863037109392,23.246080398559513],[92.25939941406278,23.81499099731468],[92.33114624023466,23.9118022918704],[92.29660797119169,24.251729965209904],[92.42237854003923,24.253110885620117],[92.46597290039091,24.134750366211165],[92.69066619873075,24.354801177978572],[92.7651977539063,24.520849227905387],[92.80079650878923,24.419050216674805]]]}},{"type":"Feature","properties":{"name":"Nagaland"},"geometry":{"type":"Polygon","coordinates":[[[95.21444702148449,26.936950683593693],[95.23763275146501,26.686290740966797],[95.06630706787104,26.456779479980696],[95.1357421875,26.387832641601506],[95.1205673217774,26.109741210937443],[95.18569946289057,26.080350875854492],[95.0218658447265,25.90999984741211],[95.05252838134794,25.762659072875977],[94.90499114990251,25.56711006164562],[94.63297271728516,25.465658187866268],[94.55741882324213,25.512769699096737],[94.57301330566418,25.69765090942377],[94.31353759765625,25.49447059631342],[94.01473236083996,25.59613037109375],[93.83648681640642,25.563060760498047],[93.77063751220697,25.540279388427848],[93.80899810791016,25.46558952331543],[93.6125793457033,25.20619010925293],[93.505142211914,25.24413108825678],[93.46186828613298,25.4346981048584],[93.3317413330081,25.546810150146484],[93.77301788330084,25.966020584106445],[93.79576110839855,25.814350128173942],[93.97939300537115,25.919679641723633],[94.0048065185548,26.17327117919922],[94.17550659179693,26.344219207763786],[94.27674102783209,26.558839797973633],[94.31651306152372,26.462930679321516],[94.46452331542997,26.667510986328125],[94.7563705444336,26.7722682952882],[94.92376708984386,26.950330734252987],[95.02134704589861,26.925399780273494],[95.1955184936524,27.042949676513672],[95.21444702148449,26.936950683593693]]]}},{"type":"Feature","properties":{"name":"Orissa"},"geometry":{"type":"MultiPolygon","coordinates":[[[[84.76985931396479,19.105972290039233],[84.76985931396479,19.104860305786076],[84.76957702636724,19.104860305786076],[84.76957702636724,19.104310989379883]]],[[[84.75653076171892,19.110971450805835],[84.75653076171892,19.11041641235363],[84.75680541992193,19.11041641235363],[84.75680541992193,19.10986137390165]]],[[[84.78319549560575,19.110971450805835],[84.78319549560575,19.11069488525402],[84.7834701538086,19.11069488525402],[84.7834701538086,19.110139846802042]]],[[[86.24055480957037,19.90944671630865],[86.24028015136736,19.909164428710938],[86.23990631103533,19.909164428710938],[86.23972320556658,19.909164428710938]]],[[[86.3724975585938,19.954444885254134],[86.37166595458984,19.953611373901595],[86.37150573730486,19.953758239746037],[86.37093353271501,19.953893661499137]]],[[[86.38694763183611,19.96277618408203],[86.38694763183611,19.96223068237316],[86.38582611084001,19.96111106872587],[86.38555908203153,19.96111106872587]]],[[[86.3924865722658,19.966108322143498],[86.39221954345732,19.965829849243107],[86.39194488525396,19.965833663940657],[86.39104461669928,19.965511322021655]]],[[[86.36860656738276,19.973890304565714],[86.36888885498053,19.97360992431635],[86.37046051025419,19.973611831665153],[86.37232971191412,19.97351837158226]]],[[[86.3211059570312,19.988059997558707],[86.32055664062517,19.988059997558707],[86.31999969482439,19.988611221313704],[86.31999969482439,19.989164352417106]]],[[[86.32138824462896,19.998889923095874],[86.32138824462896,19.99777984619169],[86.32166290283232,19.997499465942326],[86.32166290283232,19.996669769287337]]],[[[86.33557128906278,19.990829467773438],[86.33556365966825,19.9898166656497],[86.33557128906278,19.98954963684082],[86.33528137207048,19.988889694214095]]],[[[86.31042480468744,20.016246795654467],[86.31055450439459,20.016111373901538],[86.31138610839838,20.016111373901538],[86.3119430541995,20.015554428100586]]],[[[86.25305175781267,20.025279998779524],[86.25332641601568,20.024999618530558],[86.25444793701178,20.024999618530558],[86.25472259521513,20.024721145630167]]],[[[86.4108505249024,20.01832962036127],[86.41027832031256,20.01777648925787],[86.40999603271479,20.01778030395525],[86.40972137451178,20.017499923706282]]],[[[86.27249908447283,20.024444580078352],[86.27194213867205,20.023889541626204],[86.27166748046903,20.023889541626204],[86.26972198486334,20.021938323974723]]],[[[86.3202743530274,20.029443740844954],[86.32055664062517,20.029165267944563],[86.32098388671875,20.029172897338924],[86.321304321289,20.029136657714844]]],[[[86.3150024414062,20.031669616699446],[86.31555175781278,20.03111076355009],[86.3158264160158,20.03111076355009],[86.31610870361357,20.030830383300724]]],[[[86.26583099365251,20.033611297607592],[86.26611328125006,20.03333282470703],[86.2663879394533,20.03333282470703],[86.26667022705084,20.033056259155217]]],[[[86.30999755859403,20.040832519531307],[86.31027984619158,20.040554046631087],[86.31083679199236,20.040571212768555],[86.31111145019537,20.040279388427905]]],[[[86.30055236816423,20.042499542236612],[86.30082702636724,20.04222106933622],[86.30110931396501,20.042222976684798],[86.30305480957031,20.0402774810791]]],[[[86.42639160156244,20.038610458374194],[86.4261093139649,20.038330078125],[86.42555236816412,20.03833389282238],[86.42472076416033,20.03750038147001]]],[[[86.29499816894548,20.049722671508903],[86.29555511474604,20.04916572570812],[86.29582977294928,20.04916572570812],[86.29638671875006,20.049722671508903]]],[[[86.27027893066412,20.058057785034123],[86.26999664306635,20.057781219482536],[86.26999664306635,20.057220458984602],[86.27027893066412,20.056943893432617]]],[[[86.26335144042986,20.058059692382926],[86.26167297363287,20.056390762329215],[86.26139068603544,20.056390762329215],[86.26029205322283,20.05528068542486]]],[[[86.43722534179716,20.05944442749046],[86.43805694580095,20.058610916137923],[86.43776702880865,20.05832099914562],[86.43750000000017,20.05833244323736]]],[[[86.49111175537126,20.14972305297863],[86.4913864135745,20.14944458007824],[86.49166870117205,20.14944458007824],[86.49166870117205,20.14805412292492]]],[[[86.50166320800787,20.175840377807845],[86.50195312500017,20.175559997558707],[86.5025024414062,20.175559997558707],[86.50277709960943,20.17527961730974]]],[[[86.55297088623053,20.205270767211914],[86.55261230468778,20.205270767211914],[86.55268859863298,20.205810546875227],[86.5533294677735,20.206417083740405]]],[[[86.79166412353516,20.373611450195312],[86.79194641113287,20.373334884643498],[86.79222106933588,20.373334884643498],[86.79250335693365,20.373056411743107]]],[[[86.79390716552763,20.37993049621599],[86.79435729980486,20.379669189453068],[86.79469299316435,20.37936973571783],[86.79490661621094,20.379070281982422]]],[[[86.79305267333984,20.38417053222679],[86.792778015137,20.383890151977653],[86.79110717773455,20.385562896728516],[86.79165649414057,20.38611030578619]]],[[[86.80278015136719,20.420833587646484],[86.80361175537121,20.41999816894554],[86.80388641357439,20.41999816894554],[86.80416870117193,20.41971969604515]]],[[[86.7897262573245,20.387609481811637],[86.78939819335955,20.3875408172608],[86.7889785766601,20.387769699096737],[86.78904724121094,20.3881511688233]]],[[[86.80272674560547,20.45947265625],[86.8025970458985,20.45947265625],[86.80202484130865,20.459537506103516],[86.80152130126982,20.459672927856445]]],[[[86.80527496337896,20.491945266723633],[86.80638885498064,20.490833282470703],[86.80638885498064,20.490554809570312],[86.80694580078142,20.49000167846691]]],[[[86.87416076660162,20.673610687256087],[86.87388610839861,20.67333030700695],[86.87361145019543,20.6733341217041],[86.87319946289068,20.67314338684082]]],[[[86.7980575561524,20.691942214965934],[86.79784393310553,20.69030570983898],[86.7976303100586,20.689821243286246],[86.7976303100586,20.689226150512752]]],[[[87.00302124023455,20.710790634155273],[87.0023040771485,20.710332870483512],[87.00216674804699,20.710599899291992],[87.00216674804699,20.710872650146598]]],[[[87.00851440429682,20.708122253417912],[87.00765991210943,20.707988739013786],[87.00522613525419,20.707990646362532],[87.00444793701178,20.708061218261776]]],[[[87.05751037597685,20.744358062744197],[87.05760955810553,20.743949890136832],[87.05742645263678,20.743679046630973],[87.05712890625028,20.743869781494254]]],[[[87.07055664062517,20.73621368408203],[87.07038879394537,20.735515594482592],[87.06999969482422,20.73527717590349],[87.0694427490235,20.735834121704045]]],[[[87.09083557128912,20.75752067565918],[87.09111022949213,20.757186889648438],[87.09140014648443,20.756881713867244],[87.09172058105486,20.756622314453125]]],[[[86.87065124511736,20.771778106689453],[86.99194335937517,20.771112442016545],[87.00138854980474,20.715829849243164],[86.85917663574213,20.66472053527832],[86.87832641601568,20.733060836791935],[86.85352325439459,20.65672492980957],[86.77379608154303,20.646387100219897],[86.87065124511736,20.771778106689453]]],[[[86.87527465820318,20.775833129882756],[86.87555694580107,20.775554656982365],[86.87611389160185,20.775554656982365],[86.87694549560564,20.774723052978572]]],[[[86.86499023437506,20.78111076354992],[86.86528015136713,20.78083992004389],[86.86554718017584,20.78083992004389],[86.86583709716825,20.780559539794922]]],[[[86.98416900634766,20.782222747802678],[86.98444366455107,20.781944274902287],[86.98500061035168,20.781944274902287],[86.98611450195318,20.78083419799833]]],[[[86.94812774658209,20.784570693969954],[86.94813537597662,20.78423690795921],[86.94777679443365,20.783901214599723],[86.94728088378935,20.783901214599723]]],[[[86.8819427490235,20.788610458374023],[86.88223266601591,20.788330078125227],[86.88666534423845,20.788335800171012],[86.886947631836,20.788055419922046]]],[[[87.01651000976591,20.802829742431584],[87.01651000976591,20.80067062377958],[87.01679229736334,20.79904937744169],[87.01679229736334,20.79824066162115]]],[[[87.12388610839872,21.51972007751465],[87.12388610839872,21.517778396606502],[87.12375640869158,21.51749992370634],[87.12361145019537,21.514999389648438]]],[[[86.07834625244158,22.530410766601506],[86.43335723876959,22.301540374755916],[86.49994659423834,22.34095191955572],[86.72097015380865,22.216840744018555],[86.71544647216803,22.14349174499523],[86.96705627441412,22.077751159668082],[87.02604675292997,22.02874946594244],[87.03024291992216,21.865310668945256],[87.09464263916021,21.86034011840843],[87.16744232177751,21.973409652709904],[87.234848022461,21.954380035400447],[87.27156066894548,21.80340003967285],[87.46605682373075,21.72519111633318],[87.48110961914091,21.60777854919428],[87.10694885253906,21.51773452758789],[86.82250213623075,21.193889617919922],[86.9702758789063,20.823329925537337],[86.82776641845703,20.771669387817496],[86.7556991577149,20.613344192504996],[86.80223846435553,20.67521095275879],[87.04518890380876,20.709484100341854],[86.73388671875017,20.47916603088379],[86.7691726684572,20.331111907959098],[86.45999908447283,20.162221908569336],[86.4713897705081,20.09749984741228],[86.55889129638678,20.200559616088867],[86.38749694824219,19.976388931274414],[86.247856140137,20.053188323974894],[86.36266326904325,19.95277976989763],[85.41919708251959,19.623069763183594],[84.90569305419939,19.269582748413086],[84.77791595459001,19.110139846802042],[84.66501617431658,19.15673065185547],[84.59184265136724,19.123840332031364],[84.66458892822266,19.066291809082202],[84.59011840820318,19.013380050659293],[84.56613922119169,19.065038681030558],[84.47165679931646,18.981220245361555],[84.41513061523455,19.013860702514876],[84.42938995361357,18.913682937622184],[84.31249237060547,18.779190063476676],[84.08177947998053,18.744640350341797],[83.88687896728521,18.805408477783317],[83.78830718994169,19.00781059265148],[83.7458267211914,18.918172836303825],[83.62328338623053,19.15363121032715],[83.53138732910185,19.00542068481451],[83.45939636230474,19.06967163085949],[83.45548248291044,18.945579528808594],[83.30526733398455,18.989681243896598],[83.3963012695313,18.83070945739746],[83.20506286621122,18.715860366821516],[83.13295745849638,18.772449493408146],[83.00968170166021,18.63652992248541],[83.08933258056658,18.537910461425895],[83.01541137695318,18.444429397583065],[83.0533905029298,18.375299453735295],[82.90274810791044,18.35591125488287],[82.79917144775419,18.439401626586914],[82.7670516967774,18.331079483032227],[82.62687683105474,18.22874069213873],[82.47400665283203,18.5368328094483],[82.36128997802751,18.40991020202631],[82.33444213867193,18.3171329498291],[82.39301300048834,18.306440353393782],[82.30609893798857,18.195659637451115],[82.36429595947294,18.134859085083065],[82.26725006103516,17.98644065856945],[82.02465820312517,18.057880401611385],[81.61115264892595,17.81536293029785],[81.3849716186524,17.806592941284293],[81.52796173095703,18.259080886840934],[81.74491119384771,18.345350265503157],[81.94690704345709,18.55915069580078],[81.88537597656244,18.65032958984375],[82.07858276367216,18.71208190917963],[82.17272949218756,18.895288467407227],[82.23956298828153,18.910459518432617],[82.15978240966803,19.12648010253912],[82.18305969238293,19.417610168456974],[82.02239227294922,19.501802444458008],[82.05982971191412,19.78309822082514],[81.84963226318365,19.908050537109375],[81.86653900146501,20.03603935241705],[81.94135284423834,20.102251052856445],[82.02440643310575,20.010040283203068],[82.05789947509771,20.049869537353516],[82.23062896728516,19.998081207275504],[82.33944702148443,19.8299617767334],[82.44239044189453,19.902982711791935],[82.59349822998053,19.864540100097656],[82.5850601196289,19.771049499511662],[82.70271301269548,19.831039428711165],[82.70748901367205,19.990219116210938],[82.39086151123064,20.059589385986328],[82.42916870117182,20.425752639770508],[82.32401275634777,20.55388069152832],[82.34661865234392,20.883848190307845],[82.4590530395509,20.823841094970703],[82.62230682373053,21.036569595337028],[82.63594055175781,21.149450302124023],[82.95606994628912,21.175489425659237],[83.11984252929705,21.101060867309684],[83.26767730712908,21.26857757568365],[83.27001953125006,21.375038146972884],[83.40265655517607,21.34843063354515],[83.33463287353533,21.495550155639705],[83.38072204589872,21.612751007080078],[83.48454284667986,21.62556266784668],[83.41974639892584,21.675020217895508],[83.46717834472673,21.78273963928234],[83.58447265625017,21.843601226806697],[83.53244781494146,22.03404808044445],[83.60031890869158,22.065509796142578],[83.55726623535162,22.09997940063488],[83.62628173828125,22.20585823059082],[84.00421142578153,22.36766052246105],[84.04155731201178,22.464109420776424],[83.99429321289091,22.52881050109869],[84.28922271728516,22.337320327758846],[85.06249237060564,22.478410720825195],[85.11445617675787,22.290489196777344],[84.98742675781256,22.076738357543945],[85.09543609619169,22.099451065063477],[85.230941772461,22.00027084350586],[85.36319732666044,22.154569625854606],[85.6815032958985,22.04878044128418],[85.80204772949224,22.110830307006893],[85.76074981689453,21.989719390869254],[85.90542602539068,21.96663093566889],[86.0267181396485,22.185222625732536],[85.96978759765625,22.24340057373047],[86.04328918457037,22.306190490722713],[85.95813751220697,22.47618103027355],[86.03849029541033,22.563589096069336],[86.07834625244158,22.530410766601506]]]]}},{"type":"Feature","properties":{"name":"Puducherry"},"geometry":{"type":"MultiPolygon","coordinates":[[[[79.84485626220732,10.826532363891886],[79.84485626220732,10.826251029968262],[79.84541320800793,10.826251029968262],[79.84541320800793,10.825691223144588]]],[[[79.74823760986345,10.981531143188704],[79.85457611084013,10.976021766662654],[79.85124969482439,10.813771247863826],[79.70423126220709,10.918870925903434],[79.74823760986345,10.981531143188704]]],[[[79.69048309326178,12.001120567321777],[79.74964904785162,11.986130714416731],[79.73690032959013,11.907170295715275],[79.83763885498075,11.94054985046398],[79.80041503906278,11.808399200439453],[79.65907287597668,11.865669250488281],[79.72489929199247,11.891510009765852],[79.64234161376947,11.975811004638615],[79.69048309326178,12.001120567321777]]],[[[75.37460327148466,12.149080276489371],[75.2645797729495,12.01930999755865],[75.29597473144537,11.947916030883732],[75.22113037109392,12.100951194763297],[75.37460327148466,12.149080276489371]]],[[[82.26568603515653,16.702920913696232],[82.26568603515653,16.70263099670433],[82.26791381835943,16.70263862609869],[82.26791381835943,16.702362060546875]]],[[[82.21096801757807,16.727939605713004],[82.2147827148437,16.7252006530764],[82.2204208374024,16.718309402465877],[82.22704315185564,16.71718025207548]]]]}},{"type":"Feature","properties":{"name":"Punjab"},"geometry":{"type":"Polygon","coordinates":[[[75.86876678466803,32.48868179321312],[75.9321670532226,32.41682052612316],[75.62254333496105,32.23468017578125],[75.6618270874024,32.16466903686535],[75.57875823974626,32.08168029785156],[75.89454650878935,31.949800491333235],[76.17282867431669,31.306739807129077],[76.29609680175781,31.31920051574707],[76.36313629150396,31.44135093688982],[76.43113708496094,31.282840728759822],[76.62594604492193,31.227090835571346],[76.61006927490251,31.004230499267692],[76.84678649902361,30.792520523071232],[76.69068145751982,30.746660232544173],[76.86222839355486,30.67927169799799],[76.92729949951178,30.388639450073185],[76.88022613525396,30.35970115661621],[76.75786590576172,30.438890457153263],[76.71515655517595,30.332910537719727],[76.54763793945341,30.26492118835455],[76.63891601562506,30.205940246582315],[76.60105133056669,30.08023071289074],[76.45208740234403,30.100709915161246],[76.41020202636736,30.202289581299],[76.32289886474615,30.108221054077262],[76.20387268066412,30.158901214599723],[76.25499725341803,30.104579925537053],[76.16629028320318,29.9286594390872],[76.24201202392584,29.869028091430835],[76.04148101806658,29.748781204223746],[75.87928009033214,29.7470703125],[75.77162170410173,29.825389862060547],[75.56878662109403,29.74262046813959],[75.44426727294916,29.807849884033374],[75.29606628417963,29.56808090209961],[75.22348022460943,29.546171188354492],[75.15783691406267,29.662710189819336],[75.23097991943388,29.75206756591797],[75.18234252929716,29.838701248169116],[75.15405273437506,29.78101921081543],[75.09017944335943,29.806661605835075],[75.0848007202149,29.915140151977482],[74.9899291992187,29.85646057128912],[74.80117797851568,29.992572784423942],[74.639633178711,29.903949737548828],[73.89118194580084,29.970069885254077],[73.96810913085949,30.184299468994254],[73.87321472167986,30.38343811035179],[74.28180694580084,30.73023414611822],[74.316146850586,30.847581863403434],[74.5381164550783,30.99354171752941],[74.55839538574224,31.06752586364746],[74.69442749023449,31.095439910888786],[74.62145996093767,31.13703155517601],[74.55193328857428,31.08562088012701],[74.50459289550787,31.13850975036644],[74.51111602783209,31.272331237793082],[74.64206695556658,31.459960937500227],[74.56620025634771,31.50083923339872],[74.60090637207037,31.5678386688233],[74.51728057861357,31.72291183471691],[74.59910583496122,31.88511085510254],[74.80914306640642,31.955139160156364],[74.91426086425798,32.06521987915045],[75.00492858886724,32.028755187988395],[75.23916625976574,32.08715057373058],[75.36315155029308,32.23468017578125],[75.32530212402361,32.34284210205084],[75.47223663330084,32.34004974365246],[75.4989471435548,32.27532958984381],[75.872543334961,32.57619094848633],[75.86876678466803,32.48868179321312]]]}},{"type":"Feature","properties":{"name":"Rajasthan"},"geometry":{"type":"Polygon","coordinates":[[[73.88944244384783,29.97760963439964],[74.51906585693376,29.943349838256893],[74.55356597900408,29.865640640259016],[74.46526336669939,29.787549972534407],[74.47200012207037,29.744029998779354],[74.6054000854495,29.752880096435547],[74.5665359497072,29.56349945068365],[74.61440277099626,29.527111053466854],[74.529106140137,29.449539184570312],[74.59577941894537,29.328311920166016],[74.84113311767607,29.404069900512923],[75.07807922363298,29.232450485229663],[75.39570617675787,29.261940002441463],[75.36115264892595,29.14262008667015],[75.43473815917969,29.016540527343693],[75.51110076904303,29.010829925537337],[75.46707916259771,28.926250457763672],[75.55570983886736,28.614591598511026],[75.77822875976591,28.457611083984432],[75.77031707763678,28.407619476318303],[75.92237854003918,28.368909835815543],[76.09288787841803,28.155218124389705],[76.02774810791033,28.172721862792912],[75.93608856201178,28.093530654907454],[76.035629272461,28.073980331421126],[75.92362213134783,27.933090209960994],[75.96308135986328,27.864730834960938],[76.22328186035173,27.840930938720817],[76.15493774414057,27.9989910125733],[76.21382904052746,28.03168106079096],[76.17733764648443,28.059259414672965],[76.33679962158209,28.029661178588867],[76.29740142822294,28.10104942321783],[76.35560607910156,28.128450393676815],[76.28885650634766,28.182672500610636],[76.47099304199213,28.154741287231502],[76.49765777587919,28.06473159790039],[76.45372772216803,28.049669265747298],[76.53852081298828,28.039119720458928],[76.53819274902344,27.97054100036621],[76.66007232666016,28.01905059814453],[76.64785003662126,28.092210769653377],[76.80580902099615,28.215890884399414],[76.89984893798834,28.20476913452171],[76.96176147460938,28.144010543823356],[76.9026260375976,27.658519744873274],[77.07921600341825,27.738410949707145],[77.03827667236345,27.820041656494197],[77.29538726806658,27.799840927124194],[77.33513641357428,27.530021667480526],[77.43189239501982,27.399158477783317],[77.61411285400408,27.3433895111084],[77.67299652099604,27.200361251831225],[77.49841308593756,27.095190048217887],[77.62740325927763,27.015501022338867],[77.75501251220697,27.02276039123541],[77.4224700927735,26.867019653320312],[77.44831085205072,26.7467498779298],[77.49797821044928,26.847949981689567],[77.60450744628935,26.83280181884777],[77.7533798217774,26.937738418579215],[78.00666046142578,26.91066169738798],[78.022026062012,26.860870361328125],[78.11489868164091,26.954860687255916],[78.2622375488283,26.923511505126896],[78.19113922119146,26.888610839843977],[78.17975616455107,26.793569564819563],[78.09983062744169,26.79700851440441],[78.08573913574247,26.68305015563965],[77.8945770263673,26.66221046447754],[77.81299591064447,26.554809570312557],[77.12403106689482,26.23795127868658],[76.88777923584001,26.093322753906193],[76.74546813964844,25.90923118591303],[76.59272766113298,25.874168395996037],[76.48239135742216,25.718130111694336],[76.56427764892578,25.442401885986442],[76.77009582519548,25.312191009521484],[77.20514678955078,25.311429977417106],[77.28298187255876,25.423589706421012],[77.361343383789,25.41296005249029],[77.39852905273432,25.11327171325695],[77.16957855224615,25.113719940185774],[76.85434722900419,25.010311126708984],[76.9489212036134,24.872869491577376],[76.80158233642595,24.819839477539062],[76.84729766845732,24.750400543212947],[77.02665710449236,24.71092033386236],[77.06469726562511,24.569910049438533],[76.96531677246105,24.460861206054688],[76.91287231445324,24.54356956481928],[76.81459045410162,24.53437042236351],[76.84017944335943,24.338720321655217],[76.94444274902361,24.206291198730526],[76.89994049072294,24.13111114501953],[76.70114135742193,24.171440124511832],[76.69296264648466,24.28504943847662],[76.53143310546903,24.16346931457531],[76.46994781494146,24.231399536132812],[76.21556854248075,24.216808319091797],[76.18548583984392,24.331510543823242],[76.1346969604495,24.095289230346793],[75.96018218994169,24.025369644165096],[75.97582244873075,23.932939529418945],[75.77706146240263,23.853870391845703],[75.7023315429687,23.904050827026367],[75.68447875976568,23.760568618774414],[75.58252716064482,23.800359725952205],[75.45649719238298,23.920740127563477],[75.51438140869146,24.048732757568473],[75.58383941650419,23.991920471191634],[75.6691970825197,24.03354263305664],[75.70040893554716,23.96906089782709],[75.8337631225586,24.075429916381893],[75.74349212646513,24.13960075378418],[75.82688140869135,24.246410369873047],[75.72688293457043,24.40527915954584],[75.79113006591803,24.47520256042486],[75.84725189209013,24.418970108032227],[75.9089965820313,24.456140518188477],[75.8387527465822,24.72986984252924],[75.2169494628908,24.722410202026424],[75.18551635742193,24.76805114746105],[75.25192260742193,24.837169647216854],[75.20819091796892,24.909999847412166],[75.3057327270509,24.813329696655273],[75.4170989990235,24.863901138305607],[75.26145172119146,24.88965988159191],[75.27590179443376,24.9767303466798],[75.31387329101568,24.900440216064453],[75.34558868408209,25.042800903320312],[75.15912628173828,25.04547119140625],[75.11886596679682,24.889039993286246],[75.04338836669939,24.859228134155217],[74.84635162353533,24.974290847778434],[74.84889221191412,24.792659759521484],[75.02023315429716,24.752767562866325],[74.89285278320307,24.655349731445426],[74.79931640625006,24.79564094543457],[74.81710815429716,24.67167091369629],[74.71193695068365,24.510940551757926],[74.85813140869135,24.467332839965934],[74.75280761718778,24.28265953063965],[74.89428710937506,24.261680603027457],[74.99298858642572,24.029701232910213],[74.90567779541033,23.87391090393072],[74.93972015380871,23.630371093749943],[74.61338043212919,23.46136093139654],[74.51830291748064,23.3287296295166],[74.74569702148443,23.21211051940918],[74.32277679443376,23.062690734863395],[74.24603271484403,23.188259124756087],[74.12702178955107,23.178850173950252],[74.13378143310564,23.269451141357422],[73.97103118896479,23.377138137817383],[73.894271850586,23.337139129638672],[73.83213043212919,23.446750640869254],[73.6327514648438,23.452392578125114],[73.66073608398455,23.62290191650402],[73.51348876953142,23.616811752319336],[73.50853729248064,23.70333099365257],[73.3626480102539,23.78742980957037],[73.42468261718756,23.931060791015682],[73.37346649169922,24.12813949584961],[73.24582672119169,24.010709762573242],[73.2238159179688,24.098220825195426],[73.08268737792974,24.184980392455998],[73.23147583007818,24.364660263061467],[73.08496093750006,24.39447021484375],[73.09438323974638,24.49472808837902],[73.00034332275419,24.470630645752067],[72.9914627075197,24.363971710205135],[72.92391204833984,24.326322555541935],[72.73253631591808,24.361270904541243],[72.69725036621105,24.45721054077171],[72.54457855224626,24.506851196289062],[72.46467590332037,24.40711975097662],[72.44248962402344,24.504249572753963],[72.2509994506836,24.580160140991325],[72.35378265380854,24.61810111999523],[72.16539764404314,24.61450004577648],[72.052490234375,24.705789566039982],[71.94419097900396,24.626779556274528],[71.87647247314459,24.675159454345703],[71.85839080810558,24.60416984558117],[71.79898834228533,24.670520782470817],[71.48831939697271,24.673851013183707],[71.2977371215822,24.607641220092717],[71.11927795410162,24.668649673461914],[70.94548797607428,24.934541702270508],[70.89430999755876,25.144058227539062],[70.67417144775385,25.3893203735351],[70.66596221923857,25.69722938537592],[70.27961730957037,25.701259613037223],[70.09607696533203,25.944316864013672],[70.08257293701189,26.0738582611084],[70.1726684570313,26.245077133178825],[70.16773986816435,26.550743103027344],[69.81536102294922,26.592157363891545],[69.48373413085943,26.806230545044002],[69.58666229248064,27.177984237671012],[70.01626586914068,27.55599594116211],[70.15695190429705,27.83404922485363],[70.36616516113298,28.00824928283697],[70.5626296997072,28.019802093505973],[70.75766754150402,27.7172088623048],[70.8841705322265,27.69840049743658],[71.27295684814453,27.84192848205572],[71.6582870483399,27.868930816650504],[71.89737701416016,27.957420349121094],[71.9332580566408,28.126859664917106],[72.1844253540039,28.358005523681925],[72.38469696044922,28.763940811157283],[72.94171905517584,29.027200698852596],[73.27131652832037,29.55696105957037],[73.39137268066435,29.93787002563488],[73.78721618652361,30.0664005279541],[73.9663162231447,30.195049285888672],[73.88944244384783,29.97760963439964]]]}},{"type":"Feature","properties":{"name":"Sikkim"},"geometry":{"type":"Polygon","coordinates":[[[88.64525604248064,28.09912109375017],[88.8290557861331,28.015159606933878],[88.88138580322283,27.89253044128418],[88.8466110229495,27.66889953613304],[88.76706695556669,27.5649604797365],[88.90727233886747,27.28354072570812],[88.80110168457048,27.247579574585075],[88.73253631591825,27.137350082397745],[88.55899047851591,27.188751220703125],[88.43194580078153,27.081609725952205],[88.09266662597656,27.136278152465934],[88.01696777343767,27.21887207031267],[88.08261871337896,27.426414489746094],[88.04633331298845,27.49576568603527],[88.20392608642584,27.837314605712834],[88.12390899658232,27.95092010498064],[88.38980102539091,27.978080749511946],[88.60746765136736,28.127550125122355],[88.64525604248064,28.09912109375017]]]}},{"type":"Feature","properties":{"name":"Tamil Nadu"},"geometry":{"type":"MultiPolygon","coordinates":[[[[77.55596160888678,8.079030990600813],[77.55596160888678,8.078750610351847],[77.55625152587919,8.078750610351847],[77.55625152587919,8.07847118377697]]],[[[78.1154174804688,8.616808891296387],[78.1154174804688,8.61597061157238],[78.11569213867182,8.615973472595442],[78.11569213867182,8.615694999694881]]],[[[78.1212463378908,8.6173610687257],[78.1212463378908,8.616806983947981],[78.12097167968756,8.616808891296387],[78.12097167968756,8.616531372070312]]],[[[78.12014007568376,8.637921333313272],[78.12014007568376,8.637640953063908],[78.1204071044923,8.637640953063908],[78.1204071044923,8.637359619140852]]],[[[78.12763977050787,8.647921562195052],[78.12763977050787,8.645140647888184],[78.12790679931635,8.645140647888184],[78.12790679931635,8.64346790313732]]],[[[78.11708068847673,8.656530380249023],[78.11708068847673,8.65542030334484],[78.1173629760745,8.65542030334484],[78.1173629760745,8.65485858917259]]],[[[78.20847320556646,8.840970993041992],[78.20847320556646,8.840693473816088],[78.20903015136719,8.840693473816088],[78.20903015136719,8.84041786193859]]],[[[78.22486114501953,8.873749732971248],[78.22486114501953,8.873191833496207],[78.22541809082048,8.873193740844783],[78.22541809082048,8.87291622161888]]],[[[78.25290679931646,8.957921028137264],[78.25290679931646,8.957360267639103],[78.25319671630888,8.957362174987907],[78.25319671630888,8.957083702087516]]],[[[78.49180603027372,9.093194007873535],[78.49180603027372,9.092915534973145],[78.49208831787115,9.09292125701927],[78.49208831787115,9.09235954284668]]],[[[78.53930664062528,9.105973243713379],[78.53930664062528,9.105694770812988],[78.53958129882818,9.105694770812988],[78.53958129882818,9.105417251586914]]],[[[78.58041381835943,9.112361907958984],[78.58041381835943,9.11208438873291],[78.58097076416021,9.11208438873291],[78.58097076416021,9.11180591583252]]],[[[78.48791503906256,9.13486099243164],[78.48791503906256,9.134305000305176],[78.48764038085938,9.134309768676815],[78.48764038085938,9.133199691772461]]],[[[78.69625091552763,9.155140876770076],[78.69625091552763,9.153751373291016],[78.69652557373064,9.153751373291016],[78.69652557373064,9.151250839233342]]],[[[78.730697631836,9.15625095367443],[78.730697631836,9.155970573425463],[78.73097229003935,9.155973434448526],[78.73097229003935,9.155694961548136]]],[[[78.82819366455084,9.171250343322981],[78.8281860351563,9.17097187042242],[78.82847595214838,9.17097187042242],[78.82847595214838,9.170415878296126]]],[[[78.94069671630865,9.184582710266227],[78.94069671630865,9.184305191040323],[78.94042205810575,9.184311866760368],[78.94042205810575,9.184030532836914]]],[[[78.96765136718761,9.189310073852482],[78.96765136718761,9.189029693603516],[78.96819305419928,9.189029693603516],[78.96819305419928,9.188470840454158]]],[[[79.07013702392572,9.2081947326663],[79.07013702392572,9.207082748413143],[79.06986236572271,9.207082748413143],[79.06986236572271,9.206805229187069]]],[[[79.14206695556658,9.214860916137638],[79.14206695556658,9.214029312133846],[79.14180755615263,9.214029312133846],[79.14180755615263,9.213471412658805]]],[[[79.12568664550798,9.21792030334467],[79.12568664550798,9.217641830444279],[79.12819671630865,9.217641830444279],[79.12819671630865,9.217362403869629]]],[[[79.23235321044928,9.244589805603027],[79.23235321044928,9.24431037902832],[79.23264312744135,9.24431037902832],[79.23264312744135,9.244031906128157]]],[[[79.18402862548845,9.249030113220272],[79.18402862548845,9.248749732971476],[79.18430328369146,9.248749732971476],[79.18430328369146,9.248190879821948]]],[[[79.21902465820318,9.250971794128418],[79.21902465820318,9.250694274902514],[79.21930694580095,9.250694274902514],[79.21930694580095,9.250415802002124]]],[[[79.31236267089838,9.328472137451172],[79.43985748291021,9.158194541931152],[79.21458435058594,9.254028320312727],[79.31236267089838,9.328472137451172]]],[[[79.52930450439459,9.384028434753702],[79.5291366577149,9.384028434753702],[79.52930450439459,9.38419723510765],[79.52930450439459,9.384028434753702]]],[[[79.5300903320313,9.385957717895451],[79.53013610839872,9.385693550109863],[79.5299835205081,9.385693550109863],[79.5300903320313,9.385957717895451]]],[[[79.5300903320313,9.385957717895451],[79.53008270263678,9.386117935180778],[79.53006744384771,9.38638019561779],[79.53012084960943,9.386585235595646]]],[[[79.52986145019548,9.388750076294002],[79.53013610839872,9.388750076294002],[79.53013610839872,9.388317108154467],[79.52993011474615,9.38863563537592]]],[[[79.52986145019548,9.388750076294002],[79.52970886230474,9.388955116272086],[79.52967834472656,9.389115333557186],[79.52986145019548,9.389020919800032]]],[[[79.52930450439459,9.389304161071891],[79.52958679199247,9.389310836792163],[79.52958679199247,9.389160156249943],[79.52930450439459,9.389304161071891]]],[[[79.52930450439459,9.389304161071891],[79.52894592285162,9.389602661132812],[79.52864837646513,9.389852523803825],[79.52930450439459,9.389860153198185]]],[[[79.52864837646513,9.389852523803825],[79.52835845947271,9.39013767242426],[79.5287475585938,9.390140533447322],[79.52864837646513,9.389852523803825]]],[[[79.706802368164,10.28819465637207],[79.706802368164,10.287917137145996],[79.70707702636724,10.287921905517635],[79.70707702636724,10.287640571594181]]],[[[79.69790649414062,10.29013919830328],[79.69790649414062,10.289860725402889],[79.69904327392595,10.289860725402889],[79.69902801513689,10.289583206176815]]],[[[79.69569396972685,10.290970802307072],[79.69569396972685,10.290416717529581],[79.69597625732439,10.290419578552246],[79.69597625732439,10.29013919830328]]],[[[79.6912460327149,10.297920227051009],[79.6912460327149,10.297639846801871],[79.69152832031278,10.297639846801871],[79.69152832031278,10.297360420226994]]],[[[79.68597412109403,10.298472404480151],[79.68597412109403,10.298195838928336],[79.68624877929705,10.298195838928336],[79.68624877929705,10.297639846801871]]],[[[79.62264251709013,10.299861907958984],[79.62264251709013,10.29958438873291],[79.62458038330107,10.29958438873291],[79.62458038330107,10.29930591583252]]],[[[79.6081924438476,10.302639961242733],[79.6081924438476,10.302359580993596],[79.60847473144537,10.302362442016658],[79.60847473144537,10.302082061767692]]],[[[79.6187515258789,10.308751106262491],[79.6187515258789,10.3084726333621],[79.62041473388672,10.3084726333621],[79.62041473388672,10.308195114135799]]],[[[79.62403106689447,10.308751106262491],[79.62403106689447,10.307916641235636],[79.62375640869146,10.307921409607104],[79.62375640869146,10.307080268859806]]],[[[79.63153076171875,10.308751106262491],[79.63153076171875,10.308195114135799],[79.63180541992216,10.308195114135799],[79.63180541992216,10.307359695434684]]],[[[79.69985961914068,10.309582710266284],[79.69985961914068,10.309305191039982],[79.70041656494146,10.309310913085938],[79.70041656494146,10.309030532837141]]],[[[79.67736053466803,10.309861183166447],[79.67736053466803,10.309582710266284],[79.6779174804688,10.309582710266284],[79.6779174804688,10.309305191039982]]],[[[79.6898498535158,10.310420989990291],[79.6898498535158,10.310150146484432],[79.69040679931635,10.310150146484432],[79.69040679931635,10.309861183166447]]],[[[79.60875701904325,10.311250686645508],[79.60875701904325,10.3109712600708],[79.6093063354495,10.310973167419604],[79.6093063354495,10.310694694519043]]],[[[79.69597625732439,10.321251869201944],[79.69597625732439,10.32097053527832],[79.69652557373064,10.32097053527832],[79.69652557373064,10.32069587707548]]],[[[79.63208007812517,10.33319377899187],[79.63208007812517,10.332916259765568],[79.63236236572277,10.332921028137434],[79.63236236572277,10.332640647888468]]],[[[79.62568664550793,10.3437509536746],[79.62568664550793,10.343470573425236],[79.62680816650396,10.343473434448299],[79.62680816650396,10.343193054199332]]],[[[79.83902740478533,11.236530303955249],[79.83902740478533,11.236251831054858],[79.83985900878912,11.236251831054858],[79.83985900878912,11.235971450805891]]],[[[79.82707977294928,11.237361907959212],[79.82707977294928,11.237080574035758],[79.82819366455084,11.23708438873291],[79.82819366455084,11.236805915832747]]],[[[79.99124908447283,12.251251220703182],[79.99124908447283,12.250970840454215],[79.9915313720706,12.250970840454215],[79.9915313720706,12.250691413879565]]],[[[80.3229064941408,13.438470840454215],[80.3229064941408,13.437919616699219],[80.32347106933611,13.437919616699219],[80.32347106933611,13.437639236450252]]],[[[80.07582092285168,13.526760101318416],[80.24090576171892,13.470150947571028],[80.31212615966803,13.369380950927734],[80.31625366210955,13.428473472595329],[80.32903289794939,13.36653041839594],[80.32624816894537,13.44264030456543],[80.25402832031244,12.77903079986578],[80.15598297119135,12.466810226440373],[80.01708221435575,12.340419769287166],[80.06318664550787,12.351250648498649],[79.94458007812506,12.220141410827637],[80.00708007812517,12.254583358764648],[79.83763885498075,11.94054985046398],[79.73690032959013,11.907170295715275],[79.74964904785162,11.986130714416731],[79.64234161376947,11.975811004638615],[79.72489929199247,11.891510009765852],[79.65907287597668,11.865669250488281],[79.80069732666033,11.807640075683707],[79.75708007812506,11.563750267028809],[79.83790588378906,11.356810569763184],[79.85514068603527,10.97764110565197],[79.73190307617193,10.987039566040039],[79.70423126220709,10.918870925903434],[79.85124969482439,10.813771247863826],[79.88291931152344,10.302359580993596],[79.742919921875,10.275137901306152],[79.77847290039074,10.302362442016658],[79.62985992431646,10.363195419311467],[79.55124664306646,10.312358856201456],[79.73902893066435,10.277359962463436],[79.52652740478544,10.305416107177734],[79.58875274658203,10.332637786865405],[79.54514312744146,10.347920417785815],[79.29486083984392,10.260695457458723],[79.2290267944336,10.14431095123291],[79.26736450195312,10.037916183471737],[78.9815292358399,9.69042110443121],[78.898178100586,9.489031791687012],[79.03430175781267,9.318470954895133],[79.19069671630876,9.281808853149357],[78.83264160156278,9.268760681152457],[78.65735626220732,9.15764141082775],[78.36541748046892,9.092082023620776],[78.16874694824236,8.882081985473633],[78.15736389160162,8.771528244018555],[78.23013305664057,8.748750686645508],[78.10485839843767,8.651530265808105],[78.13041687011736,8.497078895568961],[78.06680297851568,8.37041568756132],[77.55097198486345,8.076525688171444],[77.31597137451189,8.12097167968767],[77.0906982421875,8.297361373901367],[77.159652709961,8.312500953674316],[77.18649291992205,8.493371009826717],[77.26515960693371,8.5374498367309],[77.15531921386747,8.737560272216797],[77.2415008544923,8.864782333373967],[77.13217926025396,9.011850357055721],[77.25177764892584,9.1430406570434],[77.26682281494146,9.290880203247298],[77.39623260498075,9.496541976928711],[77.3408966064456,9.595050811767521],[77.15187072753935,9.606019973754996],[77.26142120361345,9.963721275329817],[77.18814086914091,10.095651626587028],[77.25978088378912,10.11908054351818],[77.2804489135745,10.20725154876709],[77.22216033935564,10.340300559997672],[76.9707870483399,10.208650588989258],[76.81967163085938,10.295240402221793],[76.80499267578142,10.626340866088924],[76.87261962890636,10.629431724548454],[76.89750671386736,10.770799636841048],[76.64916229248064,10.924152374267578],[76.70652008056669,11.031351089477596],[76.79247283935553,11.04237270355236],[76.69117736816412,11.144510269165153],[76.72557830810575,11.208890914917106],[76.45272064209001,11.180210113525504],[76.53820037841803,11.351590156555176],[76.2400970458985,11.459641456604004],[76.22574615478533,11.564439773559798],[76.50421142578142,11.698040962219295],[76.56006622314447,11.610120773315657],[76.83728027343756,11.574480056762695],[76.89968872070318,11.783271789550781],[77.00443267822294,11.803019523620605],[77.10929870605474,11.712800979614258],[77.10282897949224,11.763119697570914],[77.24173736572294,11.802459716796932],[77.4192504882813,11.75067138671875],[77.48439788818376,11.932399749755916],[77.66471099853521,11.939700126648063],[77.76700592041044,12.109140396118164],[77.71951293945341,12.171520233154297],[77.48248291015642,12.190119743347282],[77.46350097656256,12.244039535522461],[77.60633850097662,12.360260009765625],[77.59033966064459,12.657541275024641],[77.73140716552751,12.66397953033453],[77.82559967041016,12.858989715576229],[77.92428588867193,12.877840042114485],[77.91047668457031,12.819710731506461],[77.9813995361331,12.795640945434798],[78.04673004150396,12.842370033264217],[78.22064971923845,12.752590179443416],[78.18984985351591,12.68130970001232],[78.45478057861357,12.612019538879451],[78.48435211181669,12.734781265258846],[78.54767608642607,12.685590744018555],[78.64671325683594,12.919019699096793],[78.61366271972685,12.978890419006404],[78.70244598388689,13.056151390075797],[78.8760375976563,13.086159706115836],[78.92463684082048,13.01864147186285],[78.91438293457037,13.067761421203727],[78.97959136962908,13.076510429382267],[79.15270233154325,13.007292747497615],[79.21832275390653,13.135551452636832],[79.3079376220706,13.09691143035883],[79.42378997802751,13.187460899353027],[79.37460327148455,13.303039550781193],[79.42887878417997,13.32356166839611],[79.5802612304688,13.245370864868221],[79.66853332519531,13.281930923461914],[79.74437713623041,13.194911003112907],[79.784896850586,13.223480224609489],[79.72129058837919,13.272239685058821],[79.92550659179693,13.33594036102295],[80.0360412597658,13.484479904175032],[79.98967742919922,13.526760101318416],[80.07582092285168,13.526760101318416]]]]}},{"type":"Feature","properties":{"name":"Tripura"},"geometry":{"type":"Polygon","coordinates":[[[92.18519592285168,24.522872924804688],[92.27308654785162,24.38845062255882],[92.21285247802746,24.24930953979515],[92.32945251464838,24.19115066528326],[92.32198333740263,23.869810104370174],[92.22405242919928,23.65732002258295],[92.17945098876959,23.743181228637695],[92.07257080078142,23.644720077514705],[91.96211242675781,23.727701187133732],[91.97516632080084,23.482442855835018],[91.77091217041021,23.263759613037166],[91.83550262451189,23.093910217285213],[91.61871337890636,22.944150924682674],[91.4190063476563,23.280221939086857],[91.4219970703125,23.059249877929744],[91.35628509521513,23.09518623352062],[91.32560729980463,23.362310409546012],[91.16657257080095,23.598739624023438],[91.21006011962908,23.68755149841303],[91.16043090820307,23.739429473876953],[91.22461700439459,23.740100860595817],[91.28367614746111,23.983102798461914],[91.37819671630871,23.976879119873047],[91.37542724609392,24.107530593872127],[91.59619903564459,24.080209732055664],[91.66752624511724,24.230400085449332],[91.76119995117199,24.141582489013786],[91.74346923828153,24.247127532958984],[91.84748840332048,24.22832107543951],[91.90262603759783,24.137838363647575],[91.92043304443365,24.335750579834098],[92.1192092895509,24.383810043335018],[92.18519592285168,24.522872924804688]]]}},{"type":"Feature","properties":{"name":"Uttar Pradesh"},"geometry":{"type":"Polygon","coordinates":[[[77.58467864990263,30.4087810516358],[77.93148040771501,30.246959686279354],[77.78643798828136,30.0999698638916],[77.70201873779314,29.871780395507926],[77.79251861572271,29.681921005249137],[77.95198059082037,29.70536994934082],[77.988021850586,29.545860290527344],[78.33174133300793,29.796180725097884],[78.41256713867193,29.77242088317888],[78.60524749755865,29.56179809570324],[78.92292785644548,29.456180572509993],[78.71385955810547,29.3173503875733],[78.8526229858399,29.261310577392692],[78.90040588378923,29.15061950683588],[79.13080596923828,29.129360198974553],[79.15827941894548,29.022878646850813],[79.35967254638666,28.970479965210075],[79.41121673584001,28.8558807373048],[79.77446746826183,28.891830444335938],[79.78336334228521,28.805419921875],[79.85404968261713,28.844289779663086],[79.96782684326178,28.715620040893782],[80.05842590332037,28.83526039123535],[80.11980438232439,28.828729629516772],[80.51934051513666,28.551723480224837],[80.50518798828153,28.665225982666072],[80.57041931152372,28.6878032684329],[80.91738891601591,28.457523345947322],[81.21241760253935,28.360515594482592],[81.3197860717774,28.13341903686546],[81.44570922851591,28.162139892578352],[81.48022460937528,28.08251571655296],[81.88684844970714,27.857158660888615],[82.06971740722662,27.923416137695597],[82.45071411132807,27.678615570068473],[82.7099151611331,27.721698760986442],[82.73700714111322,27.503101348877237],[83.1902160644533,27.454015731811523],[83.31960296630865,27.329988479614485],[83.41168975830095,27.412506103515796],[83.3909301757813,27.47949028015165],[83.61673736572283,27.46942329406761],[83.83322143554705,27.36950874328636],[83.83058929443365,27.321359634399414],[83.91668701171903,27.325330734252987],[83.89795684814464,27.25942993164074],[83.98512268066418,27.181762695312727],[83.93942260742188,27.092992782592773],[84.02072143554688,27.095481872558594],[84.052001953125,26.89170074462902],[84.24109649658214,26.86243057250988],[84.23398590087896,26.739530563354492],[84.29802703857439,26.753271102905273],[84.41439819335938,26.62717056274414],[84.08177947998053,26.642860412597656],[84.04776000976562,26.54348945617687],[83.90220642089838,26.51807975769043],[83.9022827148438,26.450250625610295],[84.17135620117188,26.373979568481445],[84.15934753417986,26.245901107788086],[84.01152038574219,26.240682601928825],[84.00302124023443,26.17823028564453],[84.16622924804705,25.991500854492188],[84.52864074707048,25.87774085998541],[84.63059997558622,25.728340148925838],[84.48838806152361,25.67785072326666],[84.33129119873053,25.74457168579096],[84.2855758666995,25.661529541015625],[84.09439086914068,25.72038078308117],[84.07650756835966,25.637531280517692],[83.91705322265653,25.558490753173885],[83.83837127685564,25.4368896484375],[83.3358612060548,25.183570861816406],[83.35399627685575,24.870611190795955],[83.54171752929682,24.62455940246582],[83.49816894531256,24.527059555053768],[83.39301300048828,24.501190185546932],[83.45139312744146,24.36474990844738],[83.18956756591808,23.921100616455192],[82.9388198852539,23.875869750976562],[82.66352844238293,24.123929977417106],[82.72036743164074,24.138990402221793],[82.76413726806658,24.292430877685604],[82.70716094970709,24.38517951965332],[82.71253204345709,24.55621910095215],[82.80076599121111,24.55268096923851],[82.76278686523455,24.645669937133903],[82.4323120117188,24.706281661987305],[82.40917205810564,24.597829818725813],[82.29393005371088,24.613740921020565],[82.29641723632807,24.670011520385685],[82.22992706298834,24.669639587402457],[82.24365997314459,24.775751113891715],[82.17288208007812,24.739570617675838],[82.19596862792974,24.82452964782715],[81.95915222167997,24.830610275268498],[81.89846801757818,25.009620666503906],[81.60434722900396,25.060749053955192],[81.61898803710938,25.159650802612305],[81.56639862060553,25.195749282837028],[81.47287750244158,25.137121200561467],[81.48372650146501,25.074939727783203],[81.26911926269526,25.167739868164062],[81.21260833740246,24.93452072143549],[81.16143035888678,24.958511352539062],[81.13244628906256,24.89207077026373],[81.07641601562511,24.95226097106945],[80.80220031738276,24.944459915161133],[80.8780364990235,25.195600509643782],[80.82769775390636,25.110309600830135],[80.69963836669939,25.137149810791016],[80.77593994140625,25.061691284179688],[80.673568725586,25.054170608520735],[80.5945892333985,25.155241012573185],[80.60678100585943,25.07217979431158],[80.47612762451178,25.102251052856502],[80.49420928955095,25.045320510864258],[80.44071197509794,25.082069396972656],[80.36576080322294,25.057760238647575],[80.38218688964872,25.009740829467773],[80.27849578857439,25.021648406982536],[80.42369842529303,25.17414283752464],[80.25586700439459,25.428710937500057],[79.84713745117199,25.240200042724666],[79.8558959960938,25.098501205444393],[79.56552124023455,25.177551269531307],[79.48987579345709,25.082750320434627],[79.46837615966825,25.13445091247553],[79.39914703369135,25.113460540771484],[79.38387298584013,25.170280456543196],[79.49040222167974,25.27034950256342],[79.35296630859403,25.265380859375],[79.29473114013678,25.340219497680664],[79.25945281982428,25.271440505981502],[79.340087890625,25.27276039123541],[79.34696197509771,25.214241027831974],[79.27359771728527,25.248119354248047],[79.30322265625,25.133329391479492],[79.12917327880865,25.1107692718507],[79.08429718017595,25.19252967834467],[79.02176666259771,25.143190383911133],[79.05644226074236,25.225709915161246],[79.00496673583984,25.276969909668082],[78.99581146240234,25.195938110351562],[78.87184143066412,25.166000366210938],[78.87587738037115,25.255769729614485],[78.97004699707048,25.28520965576172],[78.95285797119158,25.34987068176281],[78.876518249512,25.34445953369152],[78.84175109863287,25.229160308838004],[78.78324890136747,25.297611236572322],[78.87474822998053,25.38765907287592],[78.97850799560553,25.37601280212408],[78.90322875976591,25.4469375610351],[78.93074035644548,25.55972099304205],[78.82832336425798,25.509981155395508],[78.83426666259771,25.432460784912166],[78.73175048828153,25.500650405883846],[78.81291198730474,25.430427551269588],[78.74314117431646,25.412700653076115],[78.76438140869135,25.35840034484869],[78.65789031982428,25.387979507446346],[78.70140075683622,25.428859710693473],[78.65271759033209,25.444000244140682],[78.52507781982422,25.306529998779354],[78.42736053466791,25.2886714935305],[78.56858062744146,25.258609771728516],[78.62204742431652,24.964900970458984],[78.78054046630871,24.81497192382824],[78.7494659423831,24.604980468750114],[78.8817214965822,24.63969993591303],[78.96639251708984,24.4969482421875],[78.9085922241211,24.466770172119197],[78.98438262939459,24.441360473632926],[78.96687316894537,24.353660583496094],[78.79168701171892,24.180240631103572],[78.76027679443365,24.258489608764705],[78.66912078857428,24.245019912719727],[78.50537109374994,24.39394950866705],[78.40695190429682,24.2770099639892],[78.34243774414091,24.305381774902287],[78.36094665527372,24.38578987121582],[78.21653747558605,24.531642913818473],[78.26847839355463,24.66710090637207],[78.16380310058611,24.85709953308117],[78.32753753662115,24.99955940246582],[78.32776641845732,25.08876991271967],[78.44291687011724,25.128770828247127],[78.29551696777372,25.374799728393555],[78.42072296142595,25.477619171142635],[78.42933654785162,25.56385993957531],[78.80519104003935,25.624557495117188],[78.74681854248075,25.749090194702205],[78.81124877929699,25.83012008667015],[78.8619232177735,25.799198150634822],[78.84662628173845,25.860500335693473],[79.00315093994169,26.081792831421012],[78.9426727294923,26.13914108276373],[79.12658691406244,26.31603050231945],[79.07675933837902,26.366020202636776],[79.126762390137,26.444810867309798],[79.04846191406256,26.456050872802734],[78.97962188720709,26.57407951354992],[78.99317932128912,26.684570312500114],[78.93791198730497,26.66269111633312],[78.71534729003935,26.80021286010765],[78.56584930419922,26.7576904296875],[78.35135650634771,26.87437057495123],[78.20979309082031,26.836090087890625],[78.19113922119146,26.888610839843977],[78.2622375488283,26.923511505126896],[78.21589660644531,26.95395088195812],[78.11134338378923,26.953231811523438],[78.022026062012,26.860870361328125],[78.00666046142578,26.91066169738798],[77.7533798217774,26.937738418579215],[77.42859649658209,26.770111083984546],[77.4224700927735,26.867019653320312],[77.75501251220697,27.02276039123541],[77.51429748535185,27.070421218872298],[77.67299652099604,27.200361251831225],[77.61411285400408,27.3433895111084],[77.43189239501982,27.399158477783317],[77.31121063232439,27.611690521240234],[77.33654785156244,27.696180343628043],[77.27577972412115,27.806549072265625],[77.53613281250006,27.9493026733399],[77.46887207031278,28.086011886596737],[77.54120635986322,28.24774169921875],[77.46730041503912,28.269720077514762],[77.47455596923834,28.413511276245174],[77.29518890380876,28.561201095580998],[77.32348632812506,28.71587181091337],[77.19444274902338,28.8022918701173],[77.21418762207037,29.00596046447754],[77.12204742431646,29.10576820373558],[77.15394592285162,29.335479736328125],[77.08561706542974,29.600799560546875],[77.18913269042986,29.922042846679744],[77.27040863037126,30.048339843750057],[77.4144287109375,30.10713005065918],[77.58467864990263,30.4087810516358]]]}},{"type":"Feature","properties":{"name":"Uttaranchal"},"geometry":{"type":"Polygon","coordinates":[[[79.19477844238287,31.353622436523438],[79.4130859375,31.037551879882926],[79.50125885009766,31.03914070129389],[79.58724212646501,30.943090438842887],[79.74214935302751,31.00679016113287],[79.85492706298834,30.978910446167106],[80.10314941406244,30.779670715332315],[80.22383880615246,30.76409912109392],[80.21573638916033,30.579040527343693],[80.52648925781256,30.45430946350109],[80.58419036865229,30.487222671509016],[81.0196075439456,30.25295257568382],[80.91191864013689,30.223215103149414],[80.7493972778322,30.00662994384777],[80.60533905029325,29.95871734619169],[80.49721527099604,29.797414779663086],[80.36972045898443,29.750616073608512],[80.40949249267595,29.594919204711914],[80.24481964111357,29.444505691528548],[80.31813812255876,29.315639495849666],[80.2990036010745,29.205030441284407],[80.24991607666021,29.220615386962947],[80.27340698242193,29.14202308654791],[80.14602661132841,29.103000640869254],[79.98825836181646,28.717018127441463],[79.85404968261713,28.844289779663086],[79.78336334228521,28.805419921875],[79.774467468262,28.891830444335938],[79.41121673584001,28.8558807373048],[79.35967254638666,28.970479965210075],[79.15827941894548,29.022878646850813],[79.13080596923828,29.129360198974553],[78.90040588378923,29.15061950683588],[78.8526229858399,29.261310577392692],[78.71385955810547,29.3173503875733],[78.92292785644548,29.456180572509993],[78.60524749755865,29.56179809570324],[78.47357940673828,29.748470306396598],[78.33174133300793,29.796180725097884],[77.988021850586,29.545860290527344],[77.95198059082037,29.70536994934082],[77.79251861572271,29.681921005249137],[77.70201873779314,29.871780395507926],[77.78643798828136,30.0999698638916],[77.93148040771501,30.246959686279354],[77.56288146972662,30.417079925537166],[77.81064605712896,30.533180236816634],[77.72952270507812,30.5983829498291],[77.77905273437494,30.663770675659407],[77.68828582763689,30.76866912841797],[77.7445220947265,30.881191253662166],[77.78936767578125,30.858549118042106],[77.7345733642581,30.959569931030273],[77.81714630126964,30.953569412231502],[77.80060577392572,31.06208038330101],[77.88748931884771,31.154701232910156],[78.35632324218756,31.290870666503906],[78.47010803222673,31.203750610351562],[78.79503631591808,31.205039978027344],[78.94211578369169,31.105028152465877],[78.99669647216791,31.117589950561637],[78.90991210937494,31.233888626098633],[78.9231033325197,31.325389862060774],[79.0451965332033,31.468120574951286],[79.19477844238287,31.353622436523438]]]}},{"type":"Feature","properties":{"name":"West Bengal"},"geometry":{"type":"MultiPolygon","coordinates":[[[[88.018608093262,21.57277870178217],[88.01889038085955,21.572500228882006],[88.01944732666033,21.572500228882006],[88.01972198486334,21.57220840454113]]],[[[88.49771118164068,21.599754333496378],[88.49829864501982,21.599428176880167],[88.49888610839872,21.599166870117244],[88.49888610839872,21.598611831665096]]],[[[88.17778015136736,21.601110458374194],[88.17778015136736,21.600830078125],[88.1780548095706,21.60083389282238],[88.17833709716814,21.60055541992199]]],[[[88.83472442626959,21.607221603393725],[88.8349990844726,21.606946945190487],[88.83528137207037,21.606950759887695],[88.83638000488298,21.605831146240405]]],[[[88.72885131835943,21.637081146240348],[88.7288665771485,21.63659095764166],[88.72889709472685,21.636129379272518],[88.72895050048822,21.635726928710938]]],[[[88.53721618652372,21.638620376586914],[88.58750152587896,21.601942062378157],[88.5500030517581,21.56361007690458],[88.53721618652372,21.638620376586914]]],[[[88.89235687255888,21.652090072631836],[88.89261627197283,21.651672363281364],[88.8929061889649,21.651388168335018],[88.89375305175781,21.650558471679858]]],[[[88.77194213867193,21.653062820434513],[88.79805755615234,21.591665267944563],[88.75194549560553,21.576665878296012],[88.77194213867193,21.653062820434513]]],[[[88.96576690673834,21.64153480529808],[88.96607971191423,21.641298294067383],[88.96637725830107,21.641029357910327],[88.96675872802763,21.64083290100109]]],[[[88.63444519042974,21.65666580200201],[88.63416290283203,21.656389236450423],[88.63388824462896,21.656391143798828],[88.63381195068376,21.656312942504826]]],[[[88.57688140869169,21.691734313964787],[88.57701873779303,21.691371917724837],[88.5771789550783,21.69111061096214],[88.57729339599638,21.690811157226733]]],[[[88.59194183349621,21.694166183471623],[88.59306335449224,21.693061828613395],[88.59333038330072,21.693061828613395],[88.59388732910185,21.692499160766886]]],[[[88.98448944091825,21.70568847656267],[89.0287628173831,21.60482215881342],[88.96401977539068,21.645740509033203],[88.98448944091825,21.70568847656267]]],[[[88.80665588378912,21.70667266845703],[88.79694366455084,21.655277252197266],[88.7305526733399,21.68472099304222],[88.80665588378912,21.70667266845703]]],[[[88.31108093261736,21.7063503265382],[88.35807037353521,21.647500991821403],[88.31527709960955,21.608055114746094],[88.31108093261736,21.7063503265382]]],[[[88.45403289794928,21.709341049194563],[88.45444488525419,21.70916748046875],[88.45500183105497,21.708610534668196],[88.45500183105497,21.70833015441923]]],[[[88.69712066650408,21.712879180908203],[88.69734191894548,21.7126407623291],[88.69750213623064,21.712280273437557],[88.6976699829101,21.711921691894645]]],[[[88.20450592041021,21.721181869506893],[88.20465850830095,21.7206401824954],[88.20504760742205,21.719707489013842],[88.20583343505865,21.718889236450366]]],[[[89.05920410156256,21.721803665161133],[89.09503936767584,21.64396095275879],[89.05158996582037,21.61753082275402],[89.00979614257818,21.704870223999194],[89.05920410156256,21.721803665161133]]],[[[88.97799682617216,21.72687530517578],[88.97860717773466,21.726650238037337],[88.97914123535185,21.726390838623047],[88.97966003417974,21.72617912292492]]],[[[88.54566955566423,21.73612976074247],[88.59069824218767,21.690628051757812],[88.54301452636736,21.723913192749137],[88.55091857910162,21.636489868164062],[88.54566955566423,21.73612976074247]]],[[[88.19560241699247,21.724479675293026],[88.19499969482428,21.72417068481468],[88.1947326660158,21.724451065063477],[88.1947326660158,21.725561141968]]],[[[88.88305664062494,21.745279312134016],[88.88276672363287,21.745000839233455],[88.88360595703153,21.745000839233455],[88.8838882446289,21.74472045898466]]],[[[88.41233825683594,21.731260299682845],[88.39861297607439,21.595556259155217],[88.36863708496122,21.727340698242244],[88.41233825683594,21.731260299682845]]],[[[88.2209091186524,21.762149810791072],[88.31027984619135,21.67638969421415],[88.29166412353521,21.56305313110363],[88.21639251709013,21.61638832092291],[88.2209091186524,21.762149810791072]]],[[[88.92710113525419,21.761949539184684],[88.92761230468756,21.7619438171389],[88.9281616210938,21.761949539184684],[88.92874908447271,21.761949539184684]]],[[[88.36538696289091,21.76416587829584],[88.36593627929716,21.76415061950695],[88.36645507812506,21.764072418213175],[88.36688232421903,21.76392364501976]]],[[[89.00511932373075,21.764976501464787],[89.00567626953153,21.76489067077665],[89.00610351562517,21.764932632446346],[89.006576538086,21.764873504638786]]],[[[88.83167266845709,21.76610946655296],[88.84583282470732,21.62000083923357],[88.81500244140642,21.710000991821346],[88.7625122070312,21.70137023925787],[88.83167266845709,21.76610946655296]]],[[[88.38490295410173,21.76444053649925],[88.38545227050798,21.764160156250057],[88.38599395751982,21.76386070251465],[88.38643646240251,21.76346969604515]]],[[[88.2005462646485,21.768608093261662],[88.20055389404308,21.768056869506836],[88.2008361816408,21.767778396606673],[88.2008361816408,21.767499923706282]]],[[[88.2827911376956,21.76501083374029],[88.28250122070312,21.76501083374029],[88.28250122070312,21.76527786254877],[88.28056335449236,21.767219543457315]]],[[[88.58222198486357,21.777780532837028],[88.58249664306658,21.77750015258806],[88.58304595947266,21.77750015258806],[88.5833358764649,21.777219772339095]]],[[[88.30249023437517,21.72456169128418],[88.30229187011736,21.724090576171932],[88.30216217041021,21.72357749938965],[88.30194854736345,21.723150253296012]]],[[[88.50527954101562,21.782989501953352],[88.50389099121094,21.78138923645048],[88.50377655029303,21.781391143799055],[88.50365447998075,21.781303405761946]]],[[[88.99967193603521,21.78546905517601],[89.00428009033209,21.71607208251976],[88.95111083984403,21.757778167724894],[88.99967193603521,21.78546905517601]]],[[[88.60972595214872,21.790279388427905],[88.61000061035162,21.790000915527344],[88.61165618896484,21.790000915527344],[88.61194610595709,21.789720535278548]]],[[[88.27396392822271,21.790790557861442],[88.27464294433611,21.79063987731962],[88.27536773681669,21.790744781494368],[88.27609252929716,21.790609359741268]]],[[[88.183334350586,21.78750038146984],[88.18222045898443,21.78638839721708],[88.18194580078142,21.786390304565487],[88.18176269531267,21.786203384399357]]],[[[88.45861053466803,21.788650512695483],[88.45910644531267,21.78864860534668],[88.45952606201178,21.788789749145735],[88.45995330810558,21.78893089294445]]],[[[88.71620178222673,21.80738067626953],[88.77665710449236,21.721109390259073],[88.74804687500017,21.65833091735857],[88.71620178222673,21.80738067626953]]],[[[88.17111206054688,21.808610916137752],[88.17222595214861,21.8075008392334],[88.17222595214861,21.807220458984602],[88.17250061035162,21.806945800781193]]],[[[88.54457092285156,21.810319900512923],[88.57250213623075,21.735555648803654],[88.51944732666021,21.719165802001953],[88.54457092285156,21.810319900512923]]],[[[88.42180633544933,21.81109046936041],[88.42236328125006,21.81107902526867],[88.42290496826178,21.811082839966048],[88.42346954345709,21.811082839966048]]],[[[88.99957275390653,21.811670303344954],[88.99972534179693,21.810832977295036],[88.99973297119152,21.811389923095817],[89.00000000000017,21.811670303344954]]],[[[88.75063323974621,21.79540061950712],[88.75076293945318,21.794710159301815],[88.7508163452149,21.793991088867358],[88.75085449218778,21.793338775634766]]],[[[88.8280792236331,21.804029464721623],[88.82757568359392,21.803447723388672],[88.8270492553711,21.802961349487305],[88.82701110839861,21.802679061889762]]],[[[88.78749847412104,21.745000839233455],[88.78694152832031,21.74443817138672],[88.78666687011724,21.744443893432845],[88.78610992431652,21.7438907623291]]],[[[88.91583251953153,21.825834274291992],[88.91638946533232,21.82527732849121],[88.9166564941408,21.8252925872805],[88.91750335693365,21.824438095092717]]],[[[88.18194580078142,21.825828552246037],[88.18250274658203,21.82527732849121],[88.18250274658203,21.82389068603527],[88.18277740478521,21.823610305786303]]],[[[88.5594482421875,21.829721450805664],[88.55972290039091,21.82944488525385],[88.55999755859392,21.82944488525385],[88.56027984619152,21.82916641235346]]],[[[88.48487854003912,21.834690093994084],[88.48543548584001,21.834594726562443],[88.48597717285173,21.83460807800293],[88.48651885986322,21.834739685058878]]],[[[88.94139099121122,21.84722137451172],[88.97666931152372,21.820556640625],[88.91416931152361,21.755559921264762],[88.94139099121122,21.84722137451172]]],[[[88.59221649169939,21.850000381469783],[88.59249877929693,21.849718093872013],[88.59305572509771,21.849721908569563],[88.59333038330072,21.849445343017578]]],[[[88.51995849609392,21.854637145996037],[88.52054595947271,21.85416984558117],[88.52083587646513,21.85416984558117],[88.52139282226591,21.853612899780387]]],[[[88.53800201416044,21.853582382202433],[88.53713989257818,21.853246688842717],[88.53656768798834,21.853250503540266],[88.53649139404291,21.853717803955362]]],[[[88.33113098144548,21.86068725585966],[88.37996673583984,21.78726959228527],[88.31710052490263,21.708909988403605],[88.2597732543947,21.804206848144588],[88.33113098144548,21.86068725585966]]],[[[88.85610961914074,21.8652801513673],[88.91333007812511,21.72777938842796],[88.8349990844726,21.78166770935087],[88.85610961914074,21.8652801513673]]],[[[88.582748413086,21.865549087524357],[88.58248901367205,21.86549949645996],[88.5822296142581,21.865518569946403],[88.5819168090822,21.86559104919462]]],[[[88.13694763183611,21.875000000000114],[88.17066192626947,21.742401123046932],[88.10916900634771,21.62583351135254],[88.03666687011724,21.675001144409237],[88.13694763183611,21.875000000000114]]],[[[88.78916931152372,21.87861061096197],[88.7894363403322,21.8783283233642],[88.79027557373053,21.878334045410156],[88.79055786132807,21.878055572509766]]],[[[88.97905731201189,21.893489837646484],[89.02999114990234,21.834529876709155],[88.97049713134771,21.77509117126465],[88.97905731201189,21.893489837646484]]],[[[88.6216659545899,21.897779464721737],[88.62194824218744,21.897510528564453],[88.62222290039068,21.897510528564453],[88.62249755859403,21.89722061157238]]],[[[88.13730621337908,21.895139694213924],[88.13659667968756,21.89439964294462],[88.13601684570312,21.894470214843864],[88.13594818115229,21.895341873168945]]],[[[88.81694793701178,21.901111602783203],[88.81722259521513,21.900833129882812],[88.81777954101591,21.900833129882812],[88.81805419921892,21.900554656982422]]],[[[88.5623397827149,21.897460937500227],[88.56294250488287,21.897409439086857],[88.56349945068365,21.897504806518498],[88.56402587890625,21.897640228271428]]],[[[88.42546081542997,21.904090881347656],[88.4254684448245,21.903800964355582],[88.42512512207048,21.90360260009794],[88.42500305175787,21.903608322143498]]],[[[88.44647979736328,21.904920578003043],[88.46145629882818,21.789810180664062],[88.39251708984392,21.832601547241495],[88.44647979736328,21.904920578003043]]],[[[88.71805572509794,21.907222747802734],[88.78056335449224,21.8594398498538],[88.75776672363298,21.78111076354992],[88.69666290283232,21.83805465698248],[88.71805572509794,21.907222747802734]]],[[[88.10694885253935,21.893600463867188],[88.10722351074224,21.893333435058707],[88.10805511474638,21.893333435058707],[88.10861206054693,21.89277839660673]]],[[[88.5047225952149,21.912780761718864],[88.50499725341825,21.912509918212834],[88.50776672363287,21.912509918212834],[88.50805664062528,21.91222000122093]]],[[[88.4524536132813,21.906337738037166],[88.45197296142607,21.906080245971623],[88.45173645019537,21.905946731567496],[88.45094299316412,21.906129837036417]]],[[[88.6399993896485,21.921680450439396],[88.64026641845703,21.921390533447493],[88.64083862304688,21.921390533447493],[88.64111328125006,21.921110153198356]]],[[[88.13478851318388,21.926744461059684],[88.1350402832033,21.92642021179205],[88.1353149414063,21.926057815551758],[88.13553619384794,21.925621032714844]]],[[[88.8365554809572,21.917892456054744],[88.97666931152372,21.867500305175838],[88.90693664550798,21.878889083862532],[88.88804626464861,21.81222152709961],[88.8365554809572,21.917892456054744]]],[[[88.72360992431635,21.931943893432674],[88.72416687011747,21.9313907623291],[88.72444152832037,21.9313907623291],[88.72444152832037,21.931110382080135]]],[[[88.16333007812506,21.937221527099837],[88.1636123657226,21.936943054199446],[88.16414642334013,21.936950683593807],[88.16443634033203,21.936679840087947]]],[[[88.7453918457033,21.97973823547369],[88.79939270019531,21.925928115844954],[88.73332977294916,21.924720764160213],[88.7453918457033,21.97973823547369]]],[[[88.75916290283209,21.998607635498047],[88.75916290283209,21.997222900390682],[88.75888824462885,21.996946334839095],[88.75888824462885,21.99666976928711]]],[[[88.6599731445313,22.019212722778377],[88.71578216552729,22.000640869140852],[88.67815399169933,21.942867279052905],[88.62864685058611,21.958030700683764],[88.6599731445313,22.019212722778377]]],[[[88.14138793945318,22.02639007568382],[88.14250183105469,22.02527809143089],[88.1427764892581,22.02527809143089],[88.14332580566412,22.024719238281534]]],[[[88.81276702880865,22.01944160461437],[88.90249633789091,22.01166915893566],[88.90727233886747,21.929536819458065],[88.7525024414063,21.95611190795921],[88.81276702880865,22.01944160461437]]],[[[88.73143768310547,22.045246124267692],[88.7328491210938,22.043600082397404],[88.73339080810564,22.043600082397404],[88.73342132568365,22.043098449707202]]],[[[88.76380920410185,22.051670074463118],[88.76432037353521,22.05166053772001],[88.76480102539057,22.051670074463118],[88.76529693603521,22.051670074463118]]],[[[88.90278625488287,22.0453338623048],[88.90251159667963,22.044738769531534],[88.9022979736331,22.044141769409293],[88.9021377563476,22.043544769287053]]],[[[88.03138732910185,22.060560226440543],[88.03138732910185,22.059440612793082],[88.03111267089844,22.059164047241268],[88.03083038330107,22.059169769287223]]],[[[89.01619720458979,22.05092048645031],[89.05976104736334,21.931970596313477],[88.99954986572294,21.94948387146019],[89.03250122070318,22.002082824707202],[88.97447204589861,21.993642807007006],[89.01619720458979,22.05092048645031]]],[[[88.63582611084013,22.050819396972713],[88.63610839843767,22.050556182861612],[88.63610839843767,22.050279617309798],[88.63639068603544,22.050001144409407]]],[[[88.81185913085949,22.060754776001204],[88.81230163574213,22.060651779175032],[88.81276702880865,22.060770034790266],[88.81322479248075,22.06079292297369]]],[[[88.87055969238287,22.07893943786621],[88.87055206298834,22.07830238342308],[88.87049865722673,22.077709197998217],[88.87032318115251,22.07722282409668]]],[[[88.69005584716814,22.079984664917276],[88.68985748291016,22.079980850219727],[88.68950653076189,22.080312728881893],[88.6894760131836,22.080789566040096]]],[[[88.9040832519533,22.084207534790266],[88.90367126464844,22.083829879760856],[88.90328216552729,22.083440780639762],[88.90287017822294,22.083131790161417]]],[[[88.72230529785173,22.09913444519043],[88.72229003906267,22.098573684692667],[88.72144317626959,22.09778022766136],[88.72090911865263,22.097742080688477]]],[[[88.80346679687511,22.08527374267578],[88.80375671386736,22.08487129211437],[88.80408477783232,22.084524154663313],[88.80442810058622,22.084196090698356]]],[[[88.81790161132818,22.123029708862532],[88.81819915771513,22.12293434143089],[88.81846618652344,22.122941970825252],[88.8187866210937,22.12303924560547]]],[[[88.72927856445341,22.11362075805664],[88.7289428710937,22.11321830749506],[88.728500366211,22.11324119567888],[88.72807312011724,22.11326980590843]]],[[[88.86514282226562,22.16699028015148],[88.91574859619146,22.090299606323356],[88.83069610595709,22.127080917358455],[88.86514282226562,22.16699028015148]]],[[[88.94996643066435,22.189191818237305],[88.98491668701166,22.127122879028548],[88.92394256591797,22.02420234680187],[88.96363830566412,22.05699157714838],[89.01257324218744,21.901994705200366],[88.91271972656256,21.994359970092887],[88.94034576416016,22.127977371215934],[88.8939361572265,22.16969871521013],[88.94996643066435,22.189191818237305]]],[[[89.00193023681658,22.199171066284237],[89.05047607421903,22.13063240051281],[88.9779129028322,22.039922714233683],[89.00193023681658,22.199171066284237]]],[[[88.69519042968744,22.20861244201666],[88.78916931152372,22.16944885253929],[88.68305206298834,22.08083152770996],[88.72104644775396,22.005300521850586],[88.6341857910158,22.10621070861845],[88.69519042968744,22.20861244201666]]],[[[88.84474945068376,22.189191818237305],[88.85588836669928,22.14445304870634],[88.70471954345697,22.065000534057617],[88.84474945068376,22.189191818237305]]],[[[87.9897232055664,22.217500686645508],[87.99028015136736,22.21694183349632],[87.99055480957043,22.216943740844727],[87.99083709716814,22.21666717529314]]],[[[88.93237304687506,22.225000381469954],[88.93305206298845,22.224805831909123],[88.93377685546903,22.224912643432674],[88.93447875976568,22.224760055542106]]],[[[88.81259918212896,22.28339195251465],[88.83405303955078,22.166852951049805],[88.7472457885745,22.198629379272575],[88.81259918212896,22.28339195251465]]],[[[88.84986114501982,22.36291694641119],[88.93692779541021,22.29911231994646],[88.91387176513678,22.219903945922965],[88.8433303833009,22.289720535278434],[88.91860961914068,22.16534996032715],[88.84101104736334,22.214263916015852],[88.87583923339861,22.252803802490405],[88.88108062744146,22.200164794921932],[88.80055999755865,22.22584152221708],[88.84986114501982,22.36291694641119]]],[[[88.98475646972673,22.382432937622013],[89.09626007080107,22.155012130737475],[89.06218719482439,22.12842941284174],[88.94721984863287,22.25555992126465],[88.98475646972673,22.382432937622013]]],[[[87.93805694580084,22.39666938781744],[87.93776702880888,22.39666938781744],[87.9375,22.396949768066406],[87.9375,22.397499084472656]]],[[[88.8619461059572,22.3988876342774],[88.86305236816423,22.397779464721793],[88.86332702636724,22.398061752319563],[88.86361694335938,22.398061752319563]]],[[[88.86777496337919,22.41083335876465],[88.86805725097656,22.410554885864485],[88.86888885498058,22.410554885864485],[88.8694458007813,22.410001754760685]]],[[[88.9188995361331,22.426532745361442],[88.91889190673857,22.425279617309627],[88.91860961914068,22.425001144409237],[88.91860961914068,22.424722671508846]]],[[[87.92568206787115,22.424829483032227],[87.9253921508789,22.424694061279297],[87.92395782470709,22.425619125366325],[87.922660827637,22.426570892334155]]],[[[87.91194152832037,22.432220458984375],[87.91194152832037,22.43194389343256],[87.91278076171903,22.431110382080192],[87.91306304931646,22.43139076232916]]],[[[88.85916900634794,22.46944427490257],[88.85916900634794,22.46666908264166],[88.85888671875017,22.466390609741268],[88.85888671875017,22.463609695434798]]],[[[88.78138732910185,22.500562667846793],[88.7819366455081,22.500001907348633],[88.78277587890642,22.500001907348633],[88.78305816650402,22.500280380249023]]],[[[88.89769744873075,22.548860549926985],[88.8980560302735,22.366666793823356],[88.84361267089861,22.50679969787592],[88.89769744873075,22.548860549926985]]],[[[88.93419647216814,22.564031600952376],[88.93483734130865,22.563888549804915],[88.93553924560564,22.56369972229004],[88.93596649169928,22.56343269348156]]],[[[88.92016601562506,22.565305709838867],[88.9986114501956,22.430292129516715],[88.95777893066435,22.36472129821783],[88.93944549560553,22.419010162353572],[88.941947937012,22.30988121032732],[88.92016601562506,22.565305709838867]]],[[[88.93605041503935,22.62157058715826],[88.93650817871111,22.61913681030302],[88.93535614013689,22.61982154846214],[88.93486022949224,22.620691299438647]]],[[[88.67597198486345,24.315500259399528],[88.67481994628923,24.314569473266715],[88.67510223388683,24.315378189086914],[88.67597198486345,24.315500259399528]]],[[[88.12690734863287,27.12308120727539],[88.43194580078153,27.081609725952205],[88.59147644042986,27.194459915161246],[88.80004882812528,27.136819839477596],[88.86991882324219,27.108720779418945],[88.874984741211,26.95154571533226],[88.9190063476563,26.996200561523494],[88.96237945556669,26.92413139343256],[89.02491760253918,26.940271377563477],[89.13107299804705,26.80806922912592],[89.37716674804693,26.86629104614252],[89.6447372436524,26.78094482421875],[89.63217926025396,26.719249725341797],[89.85694122314482,26.703781127929915],[89.86949920654325,26.44841957092291],[89.71568298339844,26.301980972290096],[89.73375701904297,26.173370361328182],[89.63758087158232,26.227678298950195],[89.59665679931658,26.100891113281307],[89.6523513793947,26.062231063842773],[89.55449676513689,25.964620590210018],[89.16723632812528,26.133840560913143],[89.09353637695318,26.39923286438011],[88.96434020996111,26.463132858276367],[88.91989135742188,26.369939804077205],[89.06970214843756,26.255332946777344],[88.8883514404298,26.291570663452205],[88.84678649902372,26.234270095825252],[88.62069702148443,26.471069335937557],[88.43540954589838,26.546819686889762],[88.41535186767607,26.63412284851097],[88.37754058837896,26.59350967407238],[88.33436584472673,26.478679656982536],[88.48324584960966,26.461109161377067],[88.52482604980497,26.359838485718],[88.45789337158232,26.37375068664545],[88.35251617431646,26.219989776611555],[88.18044281005876,26.145692825317383],[88.18711090087908,26.02406120300293],[88.08676147460938,25.912500381469783],[88.11714172363287,25.796659469604606],[88.26992797851568,25.80813980102539],[88.54292297363293,25.506620407104492],[88.69888305664068,25.469970703125114],[88.81038665771479,25.519750595092717],[88.84365844726568,25.362409591674805],[89.0112533569336,25.292381286621207],[88.92302703857428,25.167129516601506],[88.4458465576173,25.196289062500114],[88.4014968872072,24.945690155029524],[88.3251495361331,24.865890502929744],[88.2279663085938,24.959430694580135],[88.13968658447271,24.936128616333065],[88.17560577392607,24.86098289489746],[88.01056671142584,24.666660308837947],[88.33300781250017,24.383190155029524],[88.73468780517578,24.27523994445812],[88.6946868896485,24.113399505615178],[88.77098846435553,23.984781265258903],[88.57598114013666,23.859750747680664],[88.56167602539057,23.642070770263786],[88.74291992187517,23.48077964782709],[88.7985076904298,23.494890213012752],[88.72035980224604,23.25266265869152],[88.99469757080095,23.212360382080192],[88.84673309326178,23.00243186950678],[88.96752929687528,22.84262847900385],[88.94728088378918,22.659851074218807],[88.80577087402372,22.733200073242188],[88.95771026611334,22.610780715942383],[88.8428115844726,22.507873535156364],[88.85244750976568,22.432832717895508],[88.7663879394533,22.56083488464367],[88.7688827514649,22.513591766357422],[88.69066619873064,22.52441215515148],[88.67740631103544,22.593498229980582],[88.87628936767584,22.35531044006376],[88.81888580322271,22.363611221313477],[88.73361206054693,22.195554733276424],[88.63504028320318,22.21640014648466],[88.6661224365235,22.33904075622553],[88.6192855834961,22.108840942382926],[88.57274627685547,22.189100265503043],[88.63665771484392,22.045289993286133],[88.59658050537104,22.06726646423357],[88.60666656494169,21.91305732727068],[88.54624938964861,21.973489761352653],[88.570541381836,21.903608322143498],[88.49426269531256,21.879091262817326],[88.55461883544916,22.03570938110363],[88.47355651855463,21.895341873168945],[88.46089172363287,22.011579513549975],[88.40866851806669,21.885330200195256],[88.3758163452149,21.9697208404541],[88.39067077636724,21.798980712890625],[88.35645294189453,21.924310684204272],[88.35317993164091,21.856924057006836],[88.26638793945341,21.88361167907715],[88.3138275146485,21.84660720825218],[88.28193664550787,21.761100769043026],[88.25166320800787,21.80194282531761],[88.2720031738283,21.730480194091854],[88.16333007812506,21.87944412231451],[88.2030563354495,22.166940689086914],[88.06972503662138,22.211944580078125],[88.10500335693388,22.304698944091797],[88.04915618896513,22.220001220703182],[87.98486328125028,22.245700836181754],[87.88376617431669,22.44158935546875],[87.9400024414063,22.260278701782454],[88.13555908203153,22.184722900390682],[88.18888854980474,22.099166870117358],[88.06223297119146,22.01305961608898],[87.96335601806658,22.1034774780274],[88.05305480957037,22.01027870178234],[87.92916870117216,21.80055618286127],[87.7897186279298,21.69499969482422],[87.48203277587896,21.608703613281307],[87.44367218017584,21.760889053344727],[87.26242065429705,21.81385993957514],[87.234848022461,21.954380035400447],[87.16744232177751,21.973409652709904],[87.09464263916021,21.86034011840826],[87.03024291992216,21.865310668945256],[87.01761627197277,22.041280746460075],[86.71544647216803,22.14349174499523],[86.72278594970732,22.215248107910213],[86.88623046875028,22.29412078857422],[86.762260437012,22.425231933593807],[86.75994110107433,22.572429656982536],[86.65170288085955,22.57579040527338],[86.61786651611357,22.673389434814453],[86.41615295410173,22.776508331298942],[86.43282318115246,22.923402786254883],[86.540283203125,22.987230300903434],[86.20642852783214,22.994070053100586],[86.03692626953125,23.143610000610465],[85.9149932861331,23.129529953002987],[85.82636260986328,23.26312065124523],[85.8956909179688,23.37059020996088],[85.86602783203125,23.47023010253912],[86.04722595214844,23.493642807006893],[86.03737640380865,23.58345985412609],[86.14476776123053,23.567771911621207],[86.14553070068365,23.473070144653263],[86.30000305175781,23.420061111450195],[86.43988037109386,23.62961006164562],[86.79203796386713,23.687370300293082],[86.79283905029314,23.83138084411621],[86.88226318359375,23.814479827880973],[86.89501190185575,23.87995147705101],[87.12416076660173,23.7950382232666],[87.13092803955107,23.866960525512695],[87.242729187012,23.826160430908146],[87.24822235107433,23.90701103210455],[87.29454803466803,23.898571014404354],[87.2379760742187,24.04121971130371],[87.4579696655274,23.981420516967887],[87.49359893798845,24.115209579467773],[87.57615661621094,24.08526039123541],[87.56938171386724,24.155651092529354],[87.69248199462919,24.15447044372553],[87.63571166992205,24.242530822753963],[87.81002044677751,24.406620025634766],[87.76940917968767,24.581760406494368],[87.90997314453142,24.593868255615178],[87.90083312988298,24.72159957885748],[87.81806182861328,24.765981674194336],[87.97334289550787,24.896482467651367],[87.77266693115234,25.099098205566406],[87.85652160644526,25.277772903442496],[87.759750366211,25.41008949279791],[87.92411041259766,25.535648345947322],[88.07285308837908,25.50390052795433],[88.02102661132818,25.586921691894474],[88.04862976074236,25.690570831298942],[87.89846801757841,25.769760131836165],[87.91091156005876,25.85174942016613],[87.80358123779303,25.92072105407715],[87.84211730957037,26.044481277465877],[87.96813201904314,26.081361770629826],[87.96405792236357,26.151979446411133],[88.2919158935548,26.35391044616705],[88.17903900146513,26.490579605102596],[88.23120117187506,26.551982879638672],[88.10504913330072,26.53584861755371],[88.19049835205072,26.77141189575218],[88.13748168945307,26.985267639160156],[87.99417114257818,27.105207443237532],[88.01696777343767,27.21887207031267],[88.12690734863287,27.12308120727539]]]]}}]}